Copyright 1986-2020 Xilinx, Inc. All Rights Reserved.
------------------------------------------------------------------------------------
| Tool Version : Vivado v.2020.2 (win64) Build 3064766 Wed Nov 18 09:12:45 MST 2020
| Date         : Wed Oct  7 20:42:04 2026
| Host         : null running 64-bit major release  (build 9200)
| Command      : report_timing -max_paths 25 -file timing_paths.rpt
| Design       : ethernet_tx_pack
| Device       : 7k70t-fbg676
| Speed File   : -2  PRODUCTION 1.12 2017-02-17
------------------------------------------------------------------------------------

Timing Report

Slack (MET) :             1.642ns  (required time - arrival time)
  Source:                 u_tx_message_fifo/rd_ptr_reg[0]/C
                            (rising edge-triggered cell FDRE clocked by clk  {rise@0.000ns fall@5.000ns period=10.000ns})
  Destination:            dout_data_reg[0]/D
                            (rising edge-triggered cell FDCE clocked by clk  {rise@0.000ns fall@5.000ns period=10.000ns})
  Path Group:             clk
  Path Type:              Setup (Max at Slow Process Corner)
  Requirement:            10.000ns  (clk rise@10.000ns - clk rise@0.000ns)
  Data Path Delay:        7.832ns  (logic 2.912ns (37.181%)  route 4.920ns (62.819%))
  Logic Levels:           20  (CARRY4=12 LUT2=2 LUT3=1 LUT4=1 LUT5=1 LUT6=2 RAMD32=1)
  Clock Path Skew:        -0.027ns (DCD - SCD + CPR)
    Destination Clock Delay (DCD):    0.510ns = ( 10.510 - 10.000 ) 
    Source Clock Delay      (SCD):    0.537ns
    Clock Pessimism Removal (CPR):    0.000ns
  Clock Uncertainty:      0.535ns  ((TSJ^2 + TIJ^2)^1/2 + DJ) / 2 + PE + UU
    Total System Jitter     (TSJ):    0.071ns
    Total Input Jitter      (TIJ):    0.000ns
    Discrete Jitter          (DJ):    0.000ns
    Phase Error              (PE):    0.000ns
    User Uncertainty         (UU):    0.500ns

    Location             Delay type                Incr(ns)  Path(ns)    Netlist Resource(s)
  -------------------------------------------------------------------    -------------------
                         (clock clk rise edge)        0.000     0.000 r  
                                                      0.000     0.000 r  clk (IN)
                         net (fo=181, unset)          0.537     0.537    u_tx_message_fifo/clk
                         FDRE                                         r  u_tx_message_fifo/rd_ptr_reg[0]/C
  -------------------------------------------------------------------    -------------------
                         FDRE (Prop_fdre_C_Q)         0.223     0.760 r  u_tx_message_fifo/rd_ptr_reg[0]/Q
                         net (fo=42, unplaced)        0.605     1.365    u_tx_message_fifo/mem_reg_0_15_18_23/ADDRA0
                         RAMD32 (Prop_ramd32_RADR0_O)
                                                      0.123     1.488 r  u_tx_message_fifo/mem_reg_0_15_18_23/RAMA_D1/O
                         net (fo=4, unplaced)         0.521     2.009    u_tx_message_fifo/p_0_in[3]
                         CARRY4 (Prop_carry4_DI[1]_CO[3])
                                                      0.250     2.259 r  u_tx_message_fifo/dout_data_reg[5]_i_9/CO[3]
                         net (fo=1, unplaced)         0.000     2.259    u_tx_message_fifo/dout_data_reg[5]_i_9_n_0
                         CARRY4 (Prop_carry4_CI_O[2])
                                                      0.119     2.378 r  u_tx_message_fifo/dout_data_reg[11]_i_15/O[2]
                         net (fo=6, unplaced)         0.302     2.680    data32[8]
                         LUT3 (Prop_lut3_I1_O)        0.127     2.807 r  dout_data[11]_i_65/O
                         net (fo=1, unplaced)         0.497     3.304    u_tx_message_fifo/dout_data[11]_i_28[1]
                         CARRY4 (Prop_carry4_DI[1]_CO[3])
                                                      0.250     3.554 r  u_tx_message_fifo/dout_data_reg[11]_i_38/CO[3]
                         net (fo=1, unplaced)         0.000     3.554    u_tx_message_fifo/dout_data_reg[11]_i_38_n_0
                         CARRY4 (Prop_carry4_CI_O[3])
                                                      0.155     3.709 r  u_tx_message_fifo/dout_data_reg[15]_i_81/O[3]
                         net (fo=4, unplaced)         0.470     4.179    u_tx_message_fifo_n_95
                         LUT6 (Prop_lut6_I0_O)        0.120     4.299 r  dout_data[15]_i_99/O
                         net (fo=2, unplaced)         0.508     4.807    u_tx_message_fifo/dout_data[15]_i_44_1[1]
                         CARRY4 (Prop_carry4_DI[1]_CO[3])
                                                      0.250     5.057 r  u_tx_message_fifo/dout_data_reg[15]_i_64/CO[3]
                         net (fo=1, unplaced)         0.628     5.685    u_tx_message_fifo/dout_data_reg[15]_i_64_n_0
                         LUT2 (Prop_lut2_I1_O)        0.043     5.728 r  u_tx_message_fifo/dout_data[15]_i_41/O
                         net (fo=1, unplaced)         0.000     5.728    u_tx_message_fifo/dout_data[15]_i_41_n_0
                         CARRY4 (Prop_carry4_S[3]_CO[3])
                                                      0.193     5.921 r  u_tx_message_fifo/dout_data_reg[15]_i_33/CO[3]
                         net (fo=1, unplaced)         0.000     5.921    u_tx_message_fifo/dout_data_reg[15]_i_33_n_0
                         CARRY4 (Prop_carry4_CI_CO[3])
                                                      0.053     5.974 r  u_tx_message_fifo/dout_data_reg[15]_i_35/CO[3]
                         net (fo=1, unplaced)         0.000     5.974    u_tx_message_fifo/dout_data_reg[15]_i_35_n_0
                         CARRY4 (Prop_carry4_CI_CO[3])
                                                      0.053     6.027 r  u_tx_message_fifo/dout_data_reg[11]_i_17/CO[3]
                         net (fo=1, unplaced)         0.000     6.027    u_tx_message_fifo/dout_data_reg[11]_i_17_n_0
                         CARRY4 (Prop_carry4_CI_CO[3])
                                                      0.053     6.080 r  u_tx_message_fifo/dout_data_reg[15]_i_32/CO[3]
                         net (fo=1, unplaced)         0.000     6.080    u_tx_message_fifo/dout_data_reg[15]_i_32_n_0
                         CARRY4 (Prop_carry4_CI_CO[0])
                                                      0.152     6.232 r  u_tx_message_fifo/dout_data_reg[15]_i_45/CO[0]
                         net (fo=1, unplaced)         0.191     6.423    u_tx_message_fifo_n_117
                         LUT2 (Prop_lut2_I1_O)        0.128     6.551 r  dout_data[15]_i_34/O
                         net (fo=1, unplaced)         0.000     6.551    dout_data[15]_i_34_n_0
                         CARRY4 (Prop_carry4_S[0]_CO[3])
                                                      0.259     6.810 r  dout_data_reg[15]_i_19/CO[3]
                         net (fo=1, unplaced)         0.000     6.810    dout_data_reg[15]_i_19_n_0
                         CARRY4 (Prop_carry4_CI_O[3])
                                                      0.155     6.965 r  dout_data_reg[15]_i_20/O[3]
                         net (fo=2, unplaced)         0.457     7.422    w_udp_sum_f2[7]
                         LUT4 (Prop_lut4_I0_O)        0.120     7.542 r  dout_data[15]_i_11/O
                         net (fo=2, unplaced)         0.418     7.960    dout_data[15]_i_11_n_0
                         LUT5 (Prop_lut5_I4_O)        0.043     8.003 r  dout_data[15]_i_3/O
                         net (fo=15, unplaced)        0.323     8.326    u_tx_message_fifo/dout_data_reg[1]_3
                         LUT6 (Prop_lut6_I1_O)        0.043     8.369 r  u_tx_message_fifo/dout_data[0]_i_1/O
                         net (fo=1, unplaced)         0.000     8.369    p_0_out[0]
                         FDCE                                         r  dout_data_reg[0]/D
  -------------------------------------------------------------------    -------------------

                         (clock clk rise edge)       10.000    10.000 r  
                                                      0.000    10.000 r  clk (IN)
                         net (fo=181, unset)          0.510    10.510    clk
                         FDCE                                         r  dout_data_reg[0]/C
                         clock pessimism              0.000    10.510    
                         clock uncertainty           -0.535     9.975    
                         FDCE (Setup_fdce_C_D)        0.036    10.011    dout_data_reg[0]
  -------------------------------------------------------------------
                         required time                         10.011    
                         arrival time                          -8.369    
  -------------------------------------------------------------------
                         slack                                  1.642    

Slack (MET) :             1.642ns  (required time - arrival time)
  Source:                 u_tx_message_fifo/rd_ptr_reg[0]/C
                            (rising edge-triggered cell FDRE clocked by clk  {rise@0.000ns fall@5.000ns period=10.000ns})
  Destination:            dout_data_reg[10]/D
                            (rising edge-triggered cell FDCE clocked by clk  {rise@0.000ns fall@5.000ns period=10.000ns})
  Path Group:             clk
  Path Type:              Setup (Max at Slow Process Corner)
  Requirement:            10.000ns  (clk rise@10.000ns - clk rise@0.000ns)
  Data Path Delay:        7.832ns  (logic 2.912ns (37.181%)  route 4.920ns (62.819%))
  Logic Levels:           20  (CARRY4=12 LUT2=2 LUT3=1 LUT4=1 LUT5=1 LUT6=2 RAMD32=1)
  Clock Path Skew:        -0.027ns (DCD - SCD + CPR)
    Destination Clock Delay (DCD):    0.510ns = ( 10.510 - 10.000 ) 
    Source Clock Delay      (SCD):    0.537ns
    Clock Pessimism Removal (CPR):    0.000ns
  Clock Uncertainty:      0.535ns  ((TSJ^2 + TIJ^2)^1/2 + DJ) / 2 + PE + UU
    Total System Jitter     (TSJ):    0.071ns
    Total Input Jitter      (TIJ):    0.000ns
    Discrete Jitter          (DJ):    0.000ns
    Phase Error              (PE):    0.000ns
    User Uncertainty         (UU):    0.500ns

    Location             Delay type                Incr(ns)  Path(ns)    Netlist Resource(s)
  -------------------------------------------------------------------    -------------------
                         (clock clk rise edge)        0.000     0.000 r  
                                                      0.000     0.000 r  clk (IN)
                         net (fo=181, unset)          0.537     0.537    u_tx_message_fifo/clk
                         FDRE                                         r  u_tx_message_fifo/rd_ptr_reg[0]/C
  -------------------------------------------------------------------    -------------------
                         FDRE (Prop_fdre_C_Q)         0.223     0.760 r  u_tx_message_fifo/rd_ptr_reg[0]/Q
                         net (fo=42, unplaced)        0.605     1.365    u_tx_message_fifo/mem_reg_0_15_18_23/ADDRA0
                         RAMD32 (Prop_ramd32_RADR0_O)
                                                      0.123     1.488 r  u_tx_message_fifo/mem_reg_0_15_18_23/RAMA_D1/O
                         net (fo=4, unplaced)         0.521     2.009    u_tx_message_fifo/p_0_in[3]
                         CARRY4 (Prop_carry4_DI[1]_CO[3])
                                                      0.250     2.259 r  u_tx_message_fifo/dout_data_reg[5]_i_9/CO[3]
                         net (fo=1, unplaced)         0.000     2.259    u_tx_message_fifo/dout_data_reg[5]_i_9_n_0
                         CARRY4 (Prop_carry4_CI_O[2])
                                                      0.119     2.378 r  u_tx_message_fifo/dout_data_reg[11]_i_15/O[2]
                         net (fo=6, unplaced)         0.302     2.680    data32[8]
                         LUT3 (Prop_lut3_I1_O)        0.127     2.807 r  dout_data[11]_i_65/O
                         net (fo=1, unplaced)         0.497     3.304    u_tx_message_fifo/dout_data[11]_i_28[1]
                         CARRY4 (Prop_carry4_DI[1]_CO[3])
                                                      0.250     3.554 r  u_tx_message_fifo/dout_data_reg[11]_i_38/CO[3]
                         net (fo=1, unplaced)         0.000     3.554    u_tx_message_fifo/dout_data_reg[11]_i_38_n_0
                         CARRY4 (Prop_carry4_CI_O[3])
                                                      0.155     3.709 r  u_tx_message_fifo/dout_data_reg[15]_i_81/O[3]
                         net (fo=4, unplaced)         0.470     4.179    u_tx_message_fifo_n_95
                         LUT6 (Prop_lut6_I0_O)        0.120     4.299 r  dout_data[15]_i_99/O
                         net (fo=2, unplaced)         0.508     4.807    u_tx_message_fifo/dout_data[15]_i_44_1[1]
                         CARRY4 (Prop_carry4_DI[1]_CO[3])
                                                      0.250     5.057 r  u_tx_message_fifo/dout_data_reg[15]_i_64/CO[3]
                         net (fo=1, unplaced)         0.628     5.685    u_tx_message_fifo/dout_data_reg[15]_i_64_n_0
                         LUT2 (Prop_lut2_I1_O)        0.043     5.728 r  u_tx_message_fifo/dout_data[15]_i_41/O
                         net (fo=1, unplaced)         0.000     5.728    u_tx_message_fifo/dout_data[15]_i_41_n_0
                         CARRY4 (Prop_carry4_S[3]_CO[3])
                                                      0.193     5.921 r  u_tx_message_fifo/dout_data_reg[15]_i_33/CO[3]
                         net (fo=1, unplaced)         0.000     5.921    u_tx_message_fifo/dout_data_reg[15]_i_33_n_0
                         CARRY4 (Prop_carry4_CI_CO[3])
                                                      0.053     5.974 r  u_tx_message_fifo/dout_data_reg[15]_i_35/CO[3]
                         net (fo=1, unplaced)         0.000     5.974    u_tx_message_fifo/dout_data_reg[15]_i_35_n_0
                         CARRY4 (Prop_carry4_CI_CO[3])
                                                      0.053     6.027 r  u_tx_message_fifo/dout_data_reg[11]_i_17/CO[3]
                         net (fo=1, unplaced)         0.000     6.027    u_tx_message_fifo/dout_data_reg[11]_i_17_n_0
                         CARRY4 (Prop_carry4_CI_CO[3])
                                                      0.053     6.080 r  u_tx_message_fifo/dout_data_reg[15]_i_32/CO[3]
                         net (fo=1, unplaced)         0.000     6.080    u_tx_message_fifo/dout_data_reg[15]_i_32_n_0
                         CARRY4 (Prop_carry4_CI_CO[0])
                                                      0.152     6.232 r  u_tx_message_fifo/dout_data_reg[15]_i_45/CO[0]
                         net (fo=1, unplaced)         0.191     6.423    u_tx_message_fifo_n_117
                         LUT2 (Prop_lut2_I1_O)        0.128     6.551 r  dout_data[15]_i_34/O
                         net (fo=1, unplaced)         0.000     6.551    dout_data[15]_i_34_n_0
                         CARRY4 (Prop_carry4_S[0]_CO[3])
                                                      0.259     6.810 r  dout_data_reg[15]_i_19/CO[3]
                         net (fo=1, unplaced)         0.000     6.810    dout_data_reg[15]_i_19_n_0
                         CARRY4 (Prop_carry4_CI_O[3])
                                                      0.155     6.965 r  dout_data_reg[15]_i_20/O[3]
                         net (fo=2, unplaced)         0.457     7.422    w_udp_sum_f2[7]
                         LUT4 (Prop_lut4_I0_O)        0.120     7.542 r  dout_data[15]_i_11/O
                         net (fo=2, unplaced)         0.418     7.960    dout_data[15]_i_11_n_0
                         LUT5 (Prop_lut5_I4_O)        0.043     8.003 r  dout_data[15]_i_3/O
                         net (fo=15, unplaced)        0.323     8.326    u_tx_data_fifo/dout_data_reg[15]
                         LUT6 (Prop_lut6_I1_O)        0.043     8.369 r  u_tx_data_fifo/dout_data[10]_i_1/O
                         net (fo=1, unplaced)         0.000     8.369    p_0_out[10]
                         FDCE                                         r  dout_data_reg[10]/D
  -------------------------------------------------------------------    -------------------

                         (clock clk rise edge)       10.000    10.000 r  
                                                      0.000    10.000 r  clk (IN)
                         net (fo=181, unset)          0.510    10.510    clk
                         FDCE                                         r  dout_data_reg[10]/C
                         clock pessimism              0.000    10.510    
                         clock uncertainty           -0.535     9.975    
                         FDCE (Setup_fdce_C_D)        0.036    10.011    dout_data_reg[10]
  -------------------------------------------------------------------
                         required time                         10.011    
                         arrival time                          -8.369    
  -------------------------------------------------------------------
                         slack                                  1.642    

Slack (MET) :             1.642ns  (required time - arrival time)
  Source:                 u_tx_message_fifo/rd_ptr_reg[0]/C
                            (rising edge-triggered cell FDRE clocked by clk  {rise@0.000ns fall@5.000ns period=10.000ns})
  Destination:            dout_data_reg[1]/D
                            (rising edge-triggered cell FDCE clocked by clk  {rise@0.000ns fall@5.000ns period=10.000ns})
  Path Group:             clk
  Path Type:              Setup (Max at Slow Process Corner)
  Requirement:            10.000ns  (clk rise@10.000ns - clk rise@0.000ns)
  Data Path Delay:        7.832ns  (logic 2.912ns (37.181%)  route 4.920ns (62.819%))
  Logic Levels:           20  (CARRY4=12 LUT2=2 LUT3=1 LUT4=1 LUT5=1 LUT6=2 RAMD32=1)
  Clock Path Skew:        -0.027ns (DCD - SCD + CPR)
    Destination Clock Delay (DCD):    0.510ns = ( 10.510 - 10.000 ) 
    Source Clock Delay      (SCD):    0.537ns
    Clock Pessimism Removal (CPR):    0.000ns
  Clock Uncertainty:      0.535ns  ((TSJ^2 + TIJ^2)^1/2 + DJ) / 2 + PE + UU
    Total System Jitter     (TSJ):    0.071ns
    Total Input Jitter      (TIJ):    0.000ns
    Discrete Jitter          (DJ):    0.000ns
    Phase Error              (PE):    0.000ns
    User Uncertainty         (UU):    0.500ns

    Location             Delay type                Incr(ns)  Path(ns)    Netlist Resource(s)
  -------------------------------------------------------------------    -------------------
                         (clock clk rise edge)        0.000     0.000 r  
                                                      0.000     0.000 r  clk (IN)
                         net (fo=181, unset)          0.537     0.537    u_tx_message_fifo/clk
                         FDRE                                         r  u_tx_message_fifo/rd_ptr_reg[0]/C
  -------------------------------------------------------------------    -------------------
                         FDRE (Prop_fdre_C_Q)         0.223     0.760 r  u_tx_message_fifo/rd_ptr_reg[0]/Q
                         net (fo=42, unplaced)        0.605     1.365    u_tx_message_fifo/mem_reg_0_15_18_23/ADDRA0
                         RAMD32 (Prop_ramd32_RADR0_O)
                                                      0.123     1.488 r  u_tx_message_fifo/mem_reg_0_15_18_23/RAMA_D1/O
                         net (fo=4, unplaced)         0.521     2.009    u_tx_message_fifo/p_0_in[3]
                         CARRY4 (Prop_carry4_DI[1]_CO[3])
                                                      0.250     2.259 r  u_tx_message_fifo/dout_data_reg[5]_i_9/CO[3]
                         net (fo=1, unplaced)         0.000     2.259    u_tx_message_fifo/dout_data_reg[5]_i_9_n_0
                         CARRY4 (Prop_carry4_CI_O[2])
                                                      0.119     2.378 r  u_tx_message_fifo/dout_data_reg[11]_i_15/O[2]
                         net (fo=6, unplaced)         0.302     2.680    data32[8]
                         LUT3 (Prop_lut3_I1_O)        0.127     2.807 r  dout_data[11]_i_65/O
                         net (fo=1, unplaced)         0.497     3.304    u_tx_message_fifo/dout_data[11]_i_28[1]
                         CARRY4 (Prop_carry4_DI[1]_CO[3])
                                                      0.250     3.554 r  u_tx_message_fifo/dout_data_reg[11]_i_38/CO[3]
                         net (fo=1, unplaced)         0.000     3.554    u_tx_message_fifo/dout_data_reg[11]_i_38_n_0
                         CARRY4 (Prop_carry4_CI_O[3])
                                                      0.155     3.709 r  u_tx_message_fifo/dout_data_reg[15]_i_81/O[3]
                         net (fo=4, unplaced)         0.470     4.179    u_tx_message_fifo_n_95
                         LUT6 (Prop_lut6_I0_O)        0.120     4.299 r  dout_data[15]_i_99/O
                         net (fo=2, unplaced)         0.508     4.807    u_tx_message_fifo/dout_data[15]_i_44_1[1]
                         CARRY4 (Prop_carry4_DI[1]_CO[3])
                                                      0.250     5.057 r  u_tx_message_fifo/dout_data_reg[15]_i_64/CO[3]
                         net (fo=1, unplaced)         0.628     5.685    u_tx_message_fifo/dout_data_reg[15]_i_64_n_0
                         LUT2 (Prop_lut2_I1_O)        0.043     5.728 r  u_tx_message_fifo/dout_data[15]_i_41/O
                         net (fo=1, unplaced)         0.000     5.728    u_tx_message_fifo/dout_data[15]_i_41_n_0
                         CARRY4 (Prop_carry4_S[3]_CO[3])
                                                      0.193     5.921 r  u_tx_message_fifo/dout_data_reg[15]_i_33/CO[3]
                         net (fo=1, unplaced)         0.000     5.921    u_tx_message_fifo/dout_data_reg[15]_i_33_n_0
                         CARRY4 (Prop_carry4_CI_CO[3])
                                                      0.053     5.974 r  u_tx_message_fifo/dout_data_reg[15]_i_35/CO[3]
                         net (fo=1, unplaced)         0.000     5.974    u_tx_message_fifo/dout_data_reg[15]_i_35_n_0
                         CARRY4 (Prop_carry4_CI_CO[3])
                                                      0.053     6.027 r  u_tx_message_fifo/dout_data_reg[11]_i_17/CO[3]
                         net (fo=1, unplaced)         0.000     6.027    u_tx_message_fifo/dout_data_reg[11]_i_17_n_0
                         CARRY4 (Prop_carry4_CI_CO[3])
                                                      0.053     6.080 r  u_tx_message_fifo/dout_data_reg[15]_i_32/CO[3]
                         net (fo=1, unplaced)         0.000     6.080    u_tx_message_fifo/dout_data_reg[15]_i_32_n_0
                         CARRY4 (Prop_carry4_CI_CO[0])
                                                      0.152     6.232 r  u_tx_message_fifo/dout_data_reg[15]_i_45/CO[0]
                         net (fo=1, unplaced)         0.191     6.423    u_tx_message_fifo_n_117
                         LUT2 (Prop_lut2_I1_O)        0.128     6.551 r  dout_data[15]_i_34/O
                         net (fo=1, unplaced)         0.000     6.551    dout_data[15]_i_34_n_0
                         CARRY4 (Prop_carry4_S[0]_CO[3])
                                                      0.259     6.810 r  dout_data_reg[15]_i_19/CO[3]
                         net (fo=1, unplaced)         0.000     6.810    dout_data_reg[15]_i_19_n_0
                         CARRY4 (Prop_carry4_CI_O[3])
                                                      0.155     6.965 r  dout_data_reg[15]_i_20/O[3]
                         net (fo=2, unplaced)         0.457     7.422    w_udp_sum_f2[7]
                         LUT4 (Prop_lut4_I0_O)        0.120     7.542 r  dout_data[15]_i_11/O
                         net (fo=2, unplaced)         0.418     7.960    dout_data[15]_i_11_n_0
                         LUT5 (Prop_lut5_I4_O)        0.043     8.003 r  dout_data[15]_i_3/O
                         net (fo=15, unplaced)        0.323     8.326    u_tx_message_fifo/dout_data_reg[1]_3
                         LUT6 (Prop_lut6_I1_O)        0.043     8.369 r  u_tx_message_fifo/dout_data[1]_i_1/O
                         net (fo=1, unplaced)         0.000     8.369    p_0_out[1]
                         FDCE                                         r  dout_data_reg[1]/D
  -------------------------------------------------------------------    -------------------

                         (clock clk rise edge)       10.000    10.000 r  
                                                      0.000    10.000 r  clk (IN)
                         net (fo=181, unset)          0.510    10.510    clk
                         FDCE                                         r  dout_data_reg[1]/C
                         clock pessimism              0.000    10.510    
                         clock uncertainty           -0.535     9.975    
                         FDCE (Setup_fdce_C_D)        0.036    10.011    dout_data_reg[1]
  -------------------------------------------------------------------
                         required time                         10.011    
                         arrival time                          -8.369    
  -------------------------------------------------------------------
                         slack                                  1.642    

Slack (MET) :             1.642ns  (required time - arrival time)
  Source:                 u_tx_message_fifo/rd_ptr_reg[0]/C
                            (rising edge-triggered cell FDRE clocked by clk  {rise@0.000ns fall@5.000ns period=10.000ns})
  Destination:            dout_data_reg[2]/D
                            (rising edge-triggered cell FDCE clocked by clk  {rise@0.000ns fall@5.000ns period=10.000ns})
  Path Group:             clk
  Path Type:              Setup (Max at Slow Process Corner)
  Requirement:            10.000ns  (clk rise@10.000ns - clk rise@0.000ns)
  Data Path Delay:        7.832ns  (logic 2.912ns (37.181%)  route 4.920ns (62.819%))
  Logic Levels:           20  (CARRY4=12 LUT2=2 LUT3=1 LUT4=1 LUT5=1 LUT6=2 RAMD32=1)
  Clock Path Skew:        -0.027ns (DCD - SCD + CPR)
    Destination Clock Delay (DCD):    0.510ns = ( 10.510 - 10.000 ) 
    Source Clock Delay      (SCD):    0.537ns
    Clock Pessimism Removal (CPR):    0.000ns
  Clock Uncertainty:      0.535ns  ((TSJ^2 + TIJ^2)^1/2 + DJ) / 2 + PE + UU
    Total System Jitter     (TSJ):    0.071ns
    Total Input Jitter      (TIJ):    0.000ns
    Discrete Jitter          (DJ):    0.000ns
    Phase Error              (PE):    0.000ns
    User Uncertainty         (UU):    0.500ns

    Location             Delay type                Incr(ns)  Path(ns)    Netlist Resource(s)
  -------------------------------------------------------------------    -------------------
                         (clock clk rise edge)        0.000     0.000 r  
                                                      0.000     0.000 r  clk (IN)
                         net (fo=181, unset)          0.537     0.537    u_tx_message_fifo/clk
                         FDRE                                         r  u_tx_message_fifo/rd_ptr_reg[0]/C
  -------------------------------------------------------------------    -------------------
                         FDRE (Prop_fdre_C_Q)         0.223     0.760 r  u_tx_message_fifo/rd_ptr_reg[0]/Q
                         net (fo=42, unplaced)        0.605     1.365    u_tx_message_fifo/mem_reg_0_15_18_23/ADDRA0
                         RAMD32 (Prop_ramd32_RADR0_O)
                                                      0.123     1.488 r  u_tx_message_fifo/mem_reg_0_15_18_23/RAMA_D1/O
                         net (fo=4, unplaced)         0.521     2.009    u_tx_message_fifo/p_0_in[3]
                         CARRY4 (Prop_carry4_DI[1]_CO[3])
                                                      0.250     2.259 r  u_tx_message_fifo/dout_data_reg[5]_i_9/CO[3]
                         net (fo=1, unplaced)         0.000     2.259    u_tx_message_fifo/dout_data_reg[5]_i_9_n_0
                         CARRY4 (Prop_carry4_CI_O[2])
                                                      0.119     2.378 r  u_tx_message_fifo/dout_data_reg[11]_i_15/O[2]
                         net (fo=6, unplaced)         0.302     2.680    data32[8]
                         LUT3 (Prop_lut3_I1_O)        0.127     2.807 r  dout_data[11]_i_65/O
                         net (fo=1, unplaced)         0.497     3.304    u_tx_message_fifo/dout_data[11]_i_28[1]
                         CARRY4 (Prop_carry4_DI[1]_CO[3])
                                                      0.250     3.554 r  u_tx_message_fifo/dout_data_reg[11]_i_38/CO[3]
                         net (fo=1, unplaced)         0.000     3.554    u_tx_message_fifo/dout_data_reg[11]_i_38_n_0
                         CARRY4 (Prop_carry4_CI_O[3])
                                                      0.155     3.709 r  u_tx_message_fifo/dout_data_reg[15]_i_81/O[3]
                         net (fo=4, unplaced)         0.470     4.179    u_tx_message_fifo_n_95
                         LUT6 (Prop_lut6_I0_O)        0.120     4.299 r  dout_data[15]_i_99/O
                         net (fo=2, unplaced)         0.508     4.807    u_tx_message_fifo/dout_data[15]_i_44_1[1]
                         CARRY4 (Prop_carry4_DI[1]_CO[3])
                                                      0.250     5.057 r  u_tx_message_fifo/dout_data_reg[15]_i_64/CO[3]
                         net (fo=1, unplaced)         0.628     5.685    u_tx_message_fifo/dout_data_reg[15]_i_64_n_0
                         LUT2 (Prop_lut2_I1_O)        0.043     5.728 r  u_tx_message_fifo/dout_data[15]_i_41/O
                         net (fo=1, unplaced)         0.000     5.728    u_tx_message_fifo/dout_data[15]_i_41_n_0
                         CARRY4 (Prop_carry4_S[3]_CO[3])
                                                      0.193     5.921 r  u_tx_message_fifo/dout_data_reg[15]_i_33/CO[3]
                         net (fo=1, unplaced)         0.000     5.921    u_tx_message_fifo/dout_data_reg[15]_i_33_n_0
                         CARRY4 (Prop_carry4_CI_CO[3])
                                                      0.053     5.974 r  u_tx_message_fifo/dout_data_reg[15]_i_35/CO[3]
                         net (fo=1, unplaced)         0.000     5.974    u_tx_message_fifo/dout_data_reg[15]_i_35_n_0
                         CARRY4 (Prop_carry4_CI_CO[3])
                                                      0.053     6.027 r  u_tx_message_fifo/dout_data_reg[11]_i_17/CO[3]
                         net (fo=1, unplaced)         0.000     6.027    u_tx_message_fifo/dout_data_reg[11]_i_17_n_0
                         CARRY4 (Prop_carry4_CI_CO[3])
                                                      0.053     6.080 r  u_tx_message_fifo/dout_data_reg[15]_i_32/CO[3]
                         net (fo=1, unplaced)         0.000     6.080    u_tx_message_fifo/dout_data_reg[15]_i_32_n_0
                         CARRY4 (Prop_carry4_CI_CO[0])
                                                      0.152     6.232 r  u_tx_message_fifo/dout_data_reg[15]_i_45/CO[0]
                         net (fo=1, unplaced)         0.191     6.423    u_tx_message_fifo_n_117
                         LUT2 (Prop_lut2_I1_O)        0.128     6.551 r  dout_data[15]_i_34/O
                         net (fo=1, unplaced)         0.000     6.551    dout_data[15]_i_34_n_0
                         CARRY4 (Prop_carry4_S[0]_CO[3])
                                                      0.259     6.810 r  dout_data_reg[15]_i_19/CO[3]
                         net (fo=1, unplaced)         0.000     6.810    dout_data_reg[15]_i_19_n_0
                         CARRY4 (Prop_carry4_CI_O[3])
                                                      0.155     6.965 r  dout_data_reg[15]_i_20/O[3]
                         net (fo=2, unplaced)         0.457     7.422    w_udp_sum_f2[7]
                         LUT4 (Prop_lut4_I0_O)        0.120     7.542 r  dout_data[15]_i_11/O
                         net (fo=2, unplaced)         0.418     7.960    dout_data[15]_i_11_n_0
                         LUT5 (Prop_lut5_I4_O)        0.043     8.003 r  dout_data[15]_i_3/O
                         net (fo=15, unplaced)        0.323     8.326    u_tx_data_fifo/dout_data_reg[15]
                         LUT6 (Prop_lut6_I1_O)        0.043     8.369 r  u_tx_data_fifo/dout_data[2]_i_1/O
                         net (fo=1, unplaced)         0.000     8.369    p_0_out[2]
                         FDCE                                         r  dout_data_reg[2]/D
  -------------------------------------------------------------------    -------------------

                         (clock clk rise edge)       10.000    10.000 r  
                                                      0.000    10.000 r  clk (IN)
                         net (fo=181, unset)          0.510    10.510    clk
                         FDCE                                         r  dout_data_reg[2]/C
                         clock pessimism              0.000    10.510    
                         clock uncertainty           -0.535     9.975    
                         FDCE (Setup_fdce_C_D)        0.036    10.011    dout_data_reg[2]
  -------------------------------------------------------------------
                         required time                         10.011    
                         arrival time                          -8.369    
  -------------------------------------------------------------------
                         slack                                  1.642    

Slack (MET) :             1.642ns  (required time - arrival time)
  Source:                 u_tx_message_fifo/rd_ptr_reg[0]/C
                            (rising edge-triggered cell FDRE clocked by clk  {rise@0.000ns fall@5.000ns period=10.000ns})
  Destination:            dout_data_reg[3]/D
                            (rising edge-triggered cell FDCE clocked by clk  {rise@0.000ns fall@5.000ns period=10.000ns})
  Path Group:             clk
  Path Type:              Setup (Max at Slow Process Corner)
  Requirement:            10.000ns  (clk rise@10.000ns - clk rise@0.000ns)
  Data Path Delay:        7.832ns  (logic 2.912ns (37.181%)  route 4.920ns (62.819%))
  Logic Levels:           20  (CARRY4=12 LUT2=2 LUT3=1 LUT4=1 LUT5=1 LUT6=2 RAMD32=1)
  Clock Path Skew:        -0.027ns (DCD - SCD + CPR)
    Destination Clock Delay (DCD):    0.510ns = ( 10.510 - 10.000 ) 
    Source Clock Delay      (SCD):    0.537ns
    Clock Pessimism Removal (CPR):    0.000ns
  Clock Uncertainty:      0.535ns  ((TSJ^2 + TIJ^2)^1/2 + DJ) / 2 + PE + UU
    Total System Jitter     (TSJ):    0.071ns
    Total Input Jitter      (TIJ):    0.000ns
    Discrete Jitter          (DJ):    0.000ns
    Phase Error              (PE):    0.000ns
    User Uncertainty         (UU):    0.500ns

    Location             Delay type                Incr(ns)  Path(ns)    Netlist Resource(s)
  -------------------------------------------------------------------    -------------------
                         (clock clk rise edge)        0.000     0.000 r  
                                                      0.000     0.000 r  clk (IN)
                         net (fo=181, unset)          0.537     0.537    u_tx_message_fifo/clk
                         FDRE                                         r  u_tx_message_fifo/rd_ptr_reg[0]/C
  -------------------------------------------------------------------    -------------------
                         FDRE (Prop_fdre_C_Q)         0.223     0.760 r  u_tx_message_fifo/rd_ptr_reg[0]/Q
                         net (fo=42, unplaced)        0.605     1.365    u_tx_message_fifo/mem_reg_0_15_18_23/ADDRA0
                         RAMD32 (Prop_ramd32_RADR0_O)
                                                      0.123     1.488 r  u_tx_message_fifo/mem_reg_0_15_18_23/RAMA_D1/O
                         net (fo=4, unplaced)         0.521     2.009    u_tx_message_fifo/p_0_in[3]
                         CARRY4 (Prop_carry4_DI[1]_CO[3])
                                                      0.250     2.259 r  u_tx_message_fifo/dout_data_reg[5]_i_9/CO[3]
                         net (fo=1, unplaced)         0.000     2.259    u_tx_message_fifo/dout_data_reg[5]_i_9_n_0
                         CARRY4 (Prop_carry4_CI_O[2])
                                                      0.119     2.378 r  u_tx_message_fifo/dout_data_reg[11]_i_15/O[2]
                         net (fo=6, unplaced)         0.302     2.680    data32[8]
                         LUT3 (Prop_lut3_I1_O)        0.127     2.807 r  dout_data[11]_i_65/O
                         net (fo=1, unplaced)         0.497     3.304    u_tx_message_fifo/dout_data[11]_i_28[1]
                         CARRY4 (Prop_carry4_DI[1]_CO[3])
                                                      0.250     3.554 r  u_tx_message_fifo/dout_data_reg[11]_i_38/CO[3]
                         net (fo=1, unplaced)         0.000     3.554    u_tx_message_fifo/dout_data_reg[11]_i_38_n_0
                         CARRY4 (Prop_carry4_CI_O[3])
                                                      0.155     3.709 r  u_tx_message_fifo/dout_data_reg[15]_i_81/O[3]
                         net (fo=4, unplaced)         0.470     4.179    u_tx_message_fifo_n_95
                         LUT6 (Prop_lut6_I0_O)        0.120     4.299 r  dout_data[15]_i_99/O
                         net (fo=2, unplaced)         0.508     4.807    u_tx_message_fifo/dout_data[15]_i_44_1[1]
                         CARRY4 (Prop_carry4_DI[1]_CO[3])
                                                      0.250     5.057 r  u_tx_message_fifo/dout_data_reg[15]_i_64/CO[3]
                         net (fo=1, unplaced)         0.628     5.685    u_tx_message_fifo/dout_data_reg[15]_i_64_n_0
                         LUT2 (Prop_lut2_I1_O)        0.043     5.728 r  u_tx_message_fifo/dout_data[15]_i_41/O
                         net (fo=1, unplaced)         0.000     5.728    u_tx_message_fifo/dout_data[15]_i_41_n_0
                         CARRY4 (Prop_carry4_S[3]_CO[3])
                                                      0.193     5.921 r  u_tx_message_fifo/dout_data_reg[15]_i_33/CO[3]
                         net (fo=1, unplaced)         0.000     5.921    u_tx_message_fifo/dout_data_reg[15]_i_33_n_0
                         CARRY4 (Prop_carry4_CI_CO[3])
                                                      0.053     5.974 r  u_tx_message_fifo/dout_data_reg[15]_i_35/CO[3]
                         net (fo=1, unplaced)         0.000     5.974    u_tx_message_fifo/dout_data_reg[15]_i_35_n_0
                         CARRY4 (Prop_carry4_CI_CO[3])
                                                      0.053     6.027 r  u_tx_message_fifo/dout_data_reg[11]_i_17/CO[3]
                         net (fo=1, unplaced)         0.000     6.027    u_tx_message_fifo/dout_data_reg[11]_i_17_n_0
                         CARRY4 (Prop_carry4_CI_CO[3])
                                                      0.053     6.080 r  u_tx_message_fifo/dout_data_reg[15]_i_32/CO[3]
                         net (fo=1, unplaced)         0.000     6.080    u_tx_message_fifo/dout_data_reg[15]_i_32_n_0
                         CARRY4 (Prop_carry4_CI_CO[0])
                                                      0.152     6.232 r  u_tx_message_fifo/dout_data_reg[15]_i_45/CO[0]
                         net (fo=1, unplaced)         0.191     6.423    u_tx_message_fifo_n_117
                         LUT2 (Prop_lut2_I1_O)        0.128     6.551 r  dout_data[15]_i_34/O
                         net (fo=1, unplaced)         0.000     6.551    dout_data[15]_i_34_n_0
                         CARRY4 (Prop_carry4_S[0]_CO[3])
                                                      0.259     6.810 r  dout_data_reg[15]_i_19/CO[3]
                         net (fo=1, unplaced)         0.000     6.810    dout_data_reg[15]_i_19_n_0
                         CARRY4 (Prop_carry4_CI_O[3])
                                                      0.155     6.965 r  dout_data_reg[15]_i_20/O[3]
                         net (fo=2, unplaced)         0.457     7.422    w_udp_sum_f2[7]
                         LUT4 (Prop_lut4_I0_O)        0.120     7.542 r  dout_data[15]_i_11/O
                         net (fo=2, unplaced)         0.418     7.960    dout_data[15]_i_11_n_0
                         LUT5 (Prop_lut5_I4_O)        0.043     8.003 r  dout_data[15]_i_3/O
                         net (fo=15, unplaced)        0.323     8.326    u_tx_data_fifo/dout_data_reg[15]
                         LUT6 (Prop_lut6_I1_O)        0.043     8.369 r  u_tx_data_fifo/dout_data[3]_i_1/O
                         net (fo=1, unplaced)         0.000     8.369    p_0_out[3]
                         FDCE                                         r  dout_data_reg[3]/D
  -------------------------------------------------------------------    -------------------

                         (clock clk rise edge)       10.000    10.000 r  
                                                      0.000    10.000 r  clk (IN)
                         net (fo=181, unset)          0.510    10.510    clk
                         FDCE                                         r  dout_data_reg[3]/C
                         clock pessimism              0.000    10.510    
                         clock uncertainty           -0.535     9.975    
                         FDCE (Setup_fdce_C_D)        0.036    10.011    dout_data_reg[3]
  -------------------------------------------------------------------
                         required time                         10.011    
                         arrival time                          -8.369    
  -------------------------------------------------------------------
                         slack                                  1.642    

Slack (MET) :             1.642ns  (required time - arrival time)
  Source:                 u_tx_message_fifo/rd_ptr_reg[0]/C
                            (rising edge-triggered cell FDRE clocked by clk  {rise@0.000ns fall@5.000ns period=10.000ns})
  Destination:            dout_data_reg[4]/D
                            (rising edge-triggered cell FDCE clocked by clk  {rise@0.000ns fall@5.000ns period=10.000ns})
  Path Group:             clk
  Path Type:              Setup (Max at Slow Process Corner)
  Requirement:            10.000ns  (clk rise@10.000ns - clk rise@0.000ns)
  Data Path Delay:        7.832ns  (logic 2.912ns (37.181%)  route 4.920ns (62.819%))
  Logic Levels:           20  (CARRY4=12 LUT2=2 LUT3=1 LUT4=1 LUT5=1 LUT6=2 RAMD32=1)
  Clock Path Skew:        -0.027ns (DCD - SCD + CPR)
    Destination Clock Delay (DCD):    0.510ns = ( 10.510 - 10.000 ) 
    Source Clock Delay      (SCD):    0.537ns
    Clock Pessimism Removal (CPR):    0.000ns
  Clock Uncertainty:      0.535ns  ((TSJ^2 + TIJ^2)^1/2 + DJ) / 2 + PE + UU
    Total System Jitter     (TSJ):    0.071ns
    Total Input Jitter      (TIJ):    0.000ns
    Discrete Jitter          (DJ):    0.000ns
    Phase Error              (PE):    0.000ns
    User Uncertainty         (UU):    0.500ns

    Location             Delay type                Incr(ns)  Path(ns)    Netlist Resource(s)
  -------------------------------------------------------------------    -------------------
                         (clock clk rise edge)        0.000     0.000 r  
                                                      0.000     0.000 r  clk (IN)
                         net (fo=181, unset)          0.537     0.537    u_tx_message_fifo/clk
                         FDRE                                         r  u_tx_message_fifo/rd_ptr_reg[0]/C
  -------------------------------------------------------------------    -------------------
                         FDRE (Prop_fdre_C_Q)         0.223     0.760 r  u_tx_message_fifo/rd_ptr_reg[0]/Q
                         net (fo=42, unplaced)        0.605     1.365    u_tx_message_fifo/mem_reg_0_15_18_23/ADDRA0
                         RAMD32 (Prop_ramd32_RADR0_O)
                                                      0.123     1.488 r  u_tx_message_fifo/mem_reg_0_15_18_23/RAMA_D1/O
                         net (fo=4, unplaced)         0.521     2.009    u_tx_message_fifo/p_0_in[3]
                         CARRY4 (Prop_carry4_DI[1]_CO[3])
                                                      0.250     2.259 r  u_tx_message_fifo/dout_data_reg[5]_i_9/CO[3]
                         net (fo=1, unplaced)         0.000     2.259    u_tx_message_fifo/dout_data_reg[5]_i_9_n_0
                         CARRY4 (Prop_carry4_CI_O[2])
                                                      0.119     2.378 r  u_tx_message_fifo/dout_data_reg[11]_i_15/O[2]
                         net (fo=6, unplaced)         0.302     2.680    data32[8]
                         LUT3 (Prop_lut3_I1_O)        0.127     2.807 r  dout_data[11]_i_65/O
                         net (fo=1, unplaced)         0.497     3.304    u_tx_message_fifo/dout_data[11]_i_28[1]
                         CARRY4 (Prop_carry4_DI[1]_CO[3])
                                                      0.250     3.554 r  u_tx_message_fifo/dout_data_reg[11]_i_38/CO[3]
                         net (fo=1, unplaced)         0.000     3.554    u_tx_message_fifo/dout_data_reg[11]_i_38_n_0
                         CARRY4 (Prop_carry4_CI_O[3])
                                                      0.155     3.709 r  u_tx_message_fifo/dout_data_reg[15]_i_81/O[3]
                         net (fo=4, unplaced)         0.470     4.179    u_tx_message_fifo_n_95
                         LUT6 (Prop_lut6_I0_O)        0.120     4.299 r  dout_data[15]_i_99/O
                         net (fo=2, unplaced)         0.508     4.807    u_tx_message_fifo/dout_data[15]_i_44_1[1]
                         CARRY4 (Prop_carry4_DI[1]_CO[3])
                                                      0.250     5.057 r  u_tx_message_fifo/dout_data_reg[15]_i_64/CO[3]
                         net (fo=1, unplaced)         0.628     5.685    u_tx_message_fifo/dout_data_reg[15]_i_64_n_0
                         LUT2 (Prop_lut2_I1_O)        0.043     5.728 r  u_tx_message_fifo/dout_data[15]_i_41/O
                         net (fo=1, unplaced)         0.000     5.728    u_tx_message_fifo/dout_data[15]_i_41_n_0
                         CARRY4 (Prop_carry4_S[3]_CO[3])
                                                      0.193     5.921 r  u_tx_message_fifo/dout_data_reg[15]_i_33/CO[3]
                         net (fo=1, unplaced)         0.000     5.921    u_tx_message_fifo/dout_data_reg[15]_i_33_n_0
                         CARRY4 (Prop_carry4_CI_CO[3])
                                                      0.053     5.974 r  u_tx_message_fifo/dout_data_reg[15]_i_35/CO[3]
                         net (fo=1, unplaced)         0.000     5.974    u_tx_message_fifo/dout_data_reg[15]_i_35_n_0
                         CARRY4 (Prop_carry4_CI_CO[3])
                                                      0.053     6.027 r  u_tx_message_fifo/dout_data_reg[11]_i_17/CO[3]
                         net (fo=1, unplaced)         0.000     6.027    u_tx_message_fifo/dout_data_reg[11]_i_17_n_0
                         CARRY4 (Prop_carry4_CI_CO[3])
                                                      0.053     6.080 r  u_tx_message_fifo/dout_data_reg[15]_i_32/CO[3]
                         net (fo=1, unplaced)         0.000     6.080    u_tx_message_fifo/dout_data_reg[15]_i_32_n_0
                         CARRY4 (Prop_carry4_CI_CO[0])
                                                      0.152     6.232 r  u_tx_message_fifo/dout_data_reg[15]_i_45/CO[0]
                         net (fo=1, unplaced)         0.191     6.423    u_tx_message_fifo_n_117
                         LUT2 (Prop_lut2_I1_O)        0.128     6.551 r  dout_data[15]_i_34/O
                         net (fo=1, unplaced)         0.000     6.551    dout_data[15]_i_34_n_0
                         CARRY4 (Prop_carry4_S[0]_CO[3])
                                                      0.259     6.810 r  dout_data_reg[15]_i_19/CO[3]
                         net (fo=1, unplaced)         0.000     6.810    dout_data_reg[15]_i_19_n_0
                         CARRY4 (Prop_carry4_CI_O[3])
                                                      0.155     6.965 r  dout_data_reg[15]_i_20/O[3]
                         net (fo=2, unplaced)         0.457     7.422    w_udp_sum_f2[7]
                         LUT4 (Prop_lut4_I0_O)        0.120     7.542 r  dout_data[15]_i_11/O
                         net (fo=2, unplaced)         0.418     7.960    dout_data[15]_i_11_n_0
                         LUT5 (Prop_lut5_I4_O)        0.043     8.003 r  dout_data[15]_i_3/O
                         net (fo=15, unplaced)        0.323     8.326    u_tx_data_fifo/dout_data_reg[15]
                         LUT6 (Prop_lut6_I1_O)        0.043     8.369 r  u_tx_data_fifo/dout_data[4]_i_1/O
                         net (fo=1, unplaced)         0.000     8.369    p_0_out[4]
                         FDCE                                         r  dout_data_reg[4]/D
  -------------------------------------------------------------------    -------------------

                         (clock clk rise edge)       10.000    10.000 r  
                                                      0.000    10.000 r  clk (IN)
                         net (fo=181, unset)          0.510    10.510    clk
                         FDCE                                         r  dout_data_reg[4]/C
                         clock pessimism              0.000    10.510    
                         clock uncertainty           -0.535     9.975    
                         FDCE (Setup_fdce_C_D)        0.036    10.011    dout_data_reg[4]
  -------------------------------------------------------------------
                         required time                         10.011    
                         arrival time                          -8.369    
  -------------------------------------------------------------------
                         slack                                  1.642    

Slack (MET) :             1.642ns  (required time - arrival time)
  Source:                 u_tx_message_fifo/rd_ptr_reg[0]/C
                            (rising edge-triggered cell FDRE clocked by clk  {rise@0.000ns fall@5.000ns period=10.000ns})
  Destination:            dout_data_reg[5]/D
                            (rising edge-triggered cell FDCE clocked by clk  {rise@0.000ns fall@5.000ns period=10.000ns})
  Path Group:             clk
  Path Type:              Setup (Max at Slow Process Corner)
  Requirement:            10.000ns  (clk rise@10.000ns - clk rise@0.000ns)
  Data Path Delay:        7.832ns  (logic 2.912ns (37.181%)  route 4.920ns (62.819%))
  Logic Levels:           20  (CARRY4=12 LUT2=2 LUT3=1 LUT4=1 LUT5=1 LUT6=2 RAMD32=1)
  Clock Path Skew:        -0.027ns (DCD - SCD + CPR)
    Destination Clock Delay (DCD):    0.510ns = ( 10.510 - 10.000 ) 
    Source Clock Delay      (SCD):    0.537ns
    Clock Pessimism Removal (CPR):    0.000ns
  Clock Uncertainty:      0.535ns  ((TSJ^2 + TIJ^2)^1/2 + DJ) / 2 + PE + UU
    Total System Jitter     (TSJ):    0.071ns
    Total Input Jitter      (TIJ):    0.000ns
    Discrete Jitter          (DJ):    0.000ns
    Phase Error              (PE):    0.000ns
    User Uncertainty         (UU):    0.500ns

    Location             Delay type                Incr(ns)  Path(ns)    Netlist Resource(s)
  -------------------------------------------------------------------    -------------------
                         (clock clk rise edge)        0.000     0.000 r  
                                                      0.000     0.000 r  clk (IN)
                         net (fo=181, unset)          0.537     0.537    u_tx_message_fifo/clk
                         FDRE                                         r  u_tx_message_fifo/rd_ptr_reg[0]/C
  -------------------------------------------------------------------    -------------------
                         FDRE (Prop_fdre_C_Q)         0.223     0.760 r  u_tx_message_fifo/rd_ptr_reg[0]/Q
                         net (fo=42, unplaced)        0.605     1.365    u_tx_message_fifo/mem_reg_0_15_18_23/ADDRA0
                         RAMD32 (Prop_ramd32_RADR0_O)
                                                      0.123     1.488 r  u_tx_message_fifo/mem_reg_0_15_18_23/RAMA_D1/O
                         net (fo=4, unplaced)         0.521     2.009    u_tx_message_fifo/p_0_in[3]
                         CARRY4 (Prop_carry4_DI[1]_CO[3])
                                                      0.250     2.259 r  u_tx_message_fifo/dout_data_reg[5]_i_9/CO[3]
                         net (fo=1, unplaced)         0.000     2.259    u_tx_message_fifo/dout_data_reg[5]_i_9_n_0
                         CARRY4 (Prop_carry4_CI_O[2])
                                                      0.119     2.378 r  u_tx_message_fifo/dout_data_reg[11]_i_15/O[2]
                         net (fo=6, unplaced)         0.302     2.680    data32[8]
                         LUT3 (Prop_lut3_I1_O)        0.127     2.807 r  dout_data[11]_i_65/O
                         net (fo=1, unplaced)         0.497     3.304    u_tx_message_fifo/dout_data[11]_i_28[1]
                         CARRY4 (Prop_carry4_DI[1]_CO[3])
                                                      0.250     3.554 r  u_tx_message_fifo/dout_data_reg[11]_i_38/CO[3]
                         net (fo=1, unplaced)         0.000     3.554    u_tx_message_fifo/dout_data_reg[11]_i_38_n_0
                         CARRY4 (Prop_carry4_CI_O[3])
                                                      0.155     3.709 r  u_tx_message_fifo/dout_data_reg[15]_i_81/O[3]
                         net (fo=4, unplaced)         0.470     4.179    u_tx_message_fifo_n_95
                         LUT6 (Prop_lut6_I0_O)        0.120     4.299 r  dout_data[15]_i_99/O
                         net (fo=2, unplaced)         0.508     4.807    u_tx_message_fifo/dout_data[15]_i_44_1[1]
                         CARRY4 (Prop_carry4_DI[1]_CO[3])
                                                      0.250     5.057 r  u_tx_message_fifo/dout_data_reg[15]_i_64/CO[3]
                         net (fo=1, unplaced)         0.628     5.685    u_tx_message_fifo/dout_data_reg[15]_i_64_n_0
                         LUT2 (Prop_lut2_I1_O)        0.043     5.728 r  u_tx_message_fifo/dout_data[15]_i_41/O
                         net (fo=1, unplaced)         0.000     5.728    u_tx_message_fifo/dout_data[15]_i_41_n_0
                         CARRY4 (Prop_carry4_S[3]_CO[3])
                                                      0.193     5.921 r  u_tx_message_fifo/dout_data_reg[15]_i_33/CO[3]
                         net (fo=1, unplaced)         0.000     5.921    u_tx_message_fifo/dout_data_reg[15]_i_33_n_0
                         CARRY4 (Prop_carry4_CI_CO[3])
                                                      0.053     5.974 r  u_tx_message_fifo/dout_data_reg[15]_i_35/CO[3]
                         net (fo=1, unplaced)         0.000     5.974    u_tx_message_fifo/dout_data_reg[15]_i_35_n_0
                         CARRY4 (Prop_carry4_CI_CO[3])
                                                      0.053     6.027 r  u_tx_message_fifo/dout_data_reg[11]_i_17/CO[3]
                         net (fo=1, unplaced)         0.000     6.027    u_tx_message_fifo/dout_data_reg[11]_i_17_n_0
                         CARRY4 (Prop_carry4_CI_CO[3])
                                                      0.053     6.080 r  u_tx_message_fifo/dout_data_reg[15]_i_32/CO[3]
                         net (fo=1, unplaced)         0.000     6.080    u_tx_message_fifo/dout_data_reg[15]_i_32_n_0
                         CARRY4 (Prop_carry4_CI_CO[0])
                                                      0.152     6.232 r  u_tx_message_fifo/dout_data_reg[15]_i_45/CO[0]
                         net (fo=1, unplaced)         0.191     6.423    u_tx_message_fifo_n_117
                         LUT2 (Prop_lut2_I1_O)        0.128     6.551 r  dout_data[15]_i_34/O
                         net (fo=1, unplaced)         0.000     6.551    dout_data[15]_i_34_n_0
                         CARRY4 (Prop_carry4_S[0]_CO[3])
                                                      0.259     6.810 r  dout_data_reg[15]_i_19/CO[3]
                         net (fo=1, unplaced)         0.000     6.810    dout_data_reg[15]_i_19_n_0
                         CARRY4 (Prop_carry4_CI_O[3])
                                                      0.155     6.965 r  dout_data_reg[15]_i_20/O[3]
                         net (fo=2, unplaced)         0.457     7.422    w_udp_sum_f2[7]
                         LUT4 (Prop_lut4_I0_O)        0.120     7.542 r  dout_data[15]_i_11/O
                         net (fo=2, unplaced)         0.418     7.960    dout_data[15]_i_11_n_0
                         LUT5 (Prop_lut5_I4_O)        0.043     8.003 r  dout_data[15]_i_3/O
                         net (fo=15, unplaced)        0.323     8.326    u_tx_data_fifo/dout_data_reg[15]
                         LUT6 (Prop_lut6_I1_O)        0.043     8.369 r  u_tx_data_fifo/dout_data[5]_i_1/O
                         net (fo=1, unplaced)         0.000     8.369    p_0_out[5]
                         FDCE                                         r  dout_data_reg[5]/D
  -------------------------------------------------------------------    -------------------

                         (clock clk rise edge)       10.000    10.000 r  
                                                      0.000    10.000 r  clk (IN)
                         net (fo=181, unset)          0.510    10.510    clk
                         FDCE                                         r  dout_data_reg[5]/C
                         clock pessimism              0.000    10.510    
                         clock uncertainty           -0.535     9.975    
                         FDCE (Setup_fdce_C_D)        0.036    10.011    dout_data_reg[5]
  -------------------------------------------------------------------
                         required time                         10.011    
                         arrival time                          -8.369    
  -------------------------------------------------------------------
                         slack                                  1.642    

Slack (MET) :             1.642ns  (required time - arrival time)
  Source:                 u_tx_message_fifo/rd_ptr_reg[0]/C
                            (rising edge-triggered cell FDRE clocked by clk  {rise@0.000ns fall@5.000ns period=10.000ns})
  Destination:            dout_data_reg[6]/D
                            (rising edge-triggered cell FDCE clocked by clk  {rise@0.000ns fall@5.000ns period=10.000ns})
  Path Group:             clk
  Path Type:              Setup (Max at Slow Process Corner)
  Requirement:            10.000ns  (clk rise@10.000ns - clk rise@0.000ns)
  Data Path Delay:        7.832ns  (logic 2.912ns (37.181%)  route 4.920ns (62.819%))
  Logic Levels:           20  (CARRY4=12 LUT2=2 LUT3=1 LUT4=1 LUT5=1 LUT6=2 RAMD32=1)
  Clock Path Skew:        -0.027ns (DCD - SCD + CPR)
    Destination Clock Delay (DCD):    0.510ns = ( 10.510 - 10.000 ) 
    Source Clock Delay      (SCD):    0.537ns
    Clock Pessimism Removal (CPR):    0.000ns
  Clock Uncertainty:      0.535ns  ((TSJ^2 + TIJ^2)^1/2 + DJ) / 2 + PE + UU
    Total System Jitter     (TSJ):    0.071ns
    Total Input Jitter      (TIJ):    0.000ns
    Discrete Jitter          (DJ):    0.000ns
    Phase Error              (PE):    0.000ns
    User Uncertainty         (UU):    0.500ns

    Location             Delay type                Incr(ns)  Path(ns)    Netlist Resource(s)
  -------------------------------------------------------------------    -------------------
                         (clock clk rise edge)        0.000     0.000 r  
                                                      0.000     0.000 r  clk (IN)
                         net (fo=181, unset)          0.537     0.537    u_tx_message_fifo/clk
                         FDRE                                         r  u_tx_message_fifo/rd_ptr_reg[0]/C
  -------------------------------------------------------------------    -------------------
                         FDRE (Prop_fdre_C_Q)         0.223     0.760 r  u_tx_message_fifo/rd_ptr_reg[0]/Q
                         net (fo=42, unplaced)        0.605     1.365    u_tx_message_fifo/mem_reg_0_15_18_23/ADDRA0
                         RAMD32 (Prop_ramd32_RADR0_O)
                                                      0.123     1.488 r  u_tx_message_fifo/mem_reg_0_15_18_23/RAMA_D1/O
                         net (fo=4, unplaced)         0.521     2.009    u_tx_message_fifo/p_0_in[3]
                         CARRY4 (Prop_carry4_DI[1]_CO[3])
                                                      0.250     2.259 r  u_tx_message_fifo/dout_data_reg[5]_i_9/CO[3]
                         net (fo=1, unplaced)         0.000     2.259    u_tx_message_fifo/dout_data_reg[5]_i_9_n_0
                         CARRY4 (Prop_carry4_CI_O[2])
                                                      0.119     2.378 r  u_tx_message_fifo/dout_data_reg[11]_i_15/O[2]
                         net (fo=6, unplaced)         0.302     2.680    data32[8]
                         LUT3 (Prop_lut3_I1_O)        0.127     2.807 r  dout_data[11]_i_65/O
                         net (fo=1, unplaced)         0.497     3.304    u_tx_message_fifo/dout_data[11]_i_28[1]
                         CARRY4 (Prop_carry4_DI[1]_CO[3])
                                                      0.250     3.554 r  u_tx_message_fifo/dout_data_reg[11]_i_38/CO[3]
                         net (fo=1, unplaced)         0.000     3.554    u_tx_message_fifo/dout_data_reg[11]_i_38_n_0
                         CARRY4 (Prop_carry4_CI_O[3])
                                                      0.155     3.709 r  u_tx_message_fifo/dout_data_reg[15]_i_81/O[3]
                         net (fo=4, unplaced)         0.470     4.179    u_tx_message_fifo_n_95
                         LUT6 (Prop_lut6_I0_O)        0.120     4.299 r  dout_data[15]_i_99/O
                         net (fo=2, unplaced)         0.508     4.807    u_tx_message_fifo/dout_data[15]_i_44_1[1]
                         CARRY4 (Prop_carry4_DI[1]_CO[3])
                                                      0.250     5.057 r  u_tx_message_fifo/dout_data_reg[15]_i_64/CO[3]
                         net (fo=1, unplaced)         0.628     5.685    u_tx_message_fifo/dout_data_reg[15]_i_64_n_0
                         LUT2 (Prop_lut2_I1_O)        0.043     5.728 r  u_tx_message_fifo/dout_data[15]_i_41/O
                         net (fo=1, unplaced)         0.000     5.728    u_tx_message_fifo/dout_data[15]_i_41_n_0
                         CARRY4 (Prop_carry4_S[3]_CO[3])
                                                      0.193     5.921 r  u_tx_message_fifo/dout_data_reg[15]_i_33/CO[3]
                         net (fo=1, unplaced)         0.000     5.921    u_tx_message_fifo/dout_data_reg[15]_i_33_n_0
                         CARRY4 (Prop_carry4_CI_CO[3])
                                                      0.053     5.974 r  u_tx_message_fifo/dout_data_reg[15]_i_35/CO[3]
                         net (fo=1, unplaced)         0.000     5.974    u_tx_message_fifo/dout_data_reg[15]_i_35_n_0
                         CARRY4 (Prop_carry4_CI_CO[3])
                                                      0.053     6.027 r  u_tx_message_fifo/dout_data_reg[11]_i_17/CO[3]
                         net (fo=1, unplaced)         0.000     6.027    u_tx_message_fifo/dout_data_reg[11]_i_17_n_0
                         CARRY4 (Prop_carry4_CI_CO[3])
                                                      0.053     6.080 r  u_tx_message_fifo/dout_data_reg[15]_i_32/CO[3]
                         net (fo=1, unplaced)         0.000     6.080    u_tx_message_fifo/dout_data_reg[15]_i_32_n_0
                         CARRY4 (Prop_carry4_CI_CO[0])
                                                      0.152     6.232 r  u_tx_message_fifo/dout_data_reg[15]_i_45/CO[0]
                         net (fo=1, unplaced)         0.191     6.423    u_tx_message_fifo_n_117
                         LUT2 (Prop_lut2_I1_O)        0.128     6.551 r  dout_data[15]_i_34/O
                         net (fo=1, unplaced)         0.000     6.551    dout_data[15]_i_34_n_0
                         CARRY4 (Prop_carry4_S[0]_CO[3])
                                                      0.259     6.810 r  dout_data_reg[15]_i_19/CO[3]
                         net (fo=1, unplaced)         0.000     6.810    dout_data_reg[15]_i_19_n_0
                         CARRY4 (Prop_carry4_CI_O[3])
                                                      0.155     6.965 r  dout_data_reg[15]_i_20/O[3]
                         net (fo=2, unplaced)         0.457     7.422    w_udp_sum_f2[7]
                         LUT4 (Prop_lut4_I0_O)        0.120     7.542 r  dout_data[15]_i_11/O
                         net (fo=2, unplaced)         0.418     7.960    dout_data[15]_i_11_n_0
                         LUT5 (Prop_lut5_I4_O)        0.043     8.003 r  dout_data[15]_i_3/O
                         net (fo=15, unplaced)        0.323     8.326    u_tx_data_fifo/dout_data_reg[15]
                         LUT6 (Prop_lut6_I1_O)        0.043     8.369 r  u_tx_data_fifo/dout_data[6]_i_1/O
                         net (fo=1, unplaced)         0.000     8.369    p_0_out[6]
                         FDCE                                         r  dout_data_reg[6]/D
  -------------------------------------------------------------------    -------------------

                         (clock clk rise edge)       10.000    10.000 r  
                                                      0.000    10.000 r  clk (IN)
                         net (fo=181, unset)          0.510    10.510    clk
                         FDCE                                         r  dout_data_reg[6]/C
                         clock pessimism              0.000    10.510    
                         clock uncertainty           -0.535     9.975    
                         FDCE (Setup_fdce_C_D)        0.036    10.011    dout_data_reg[6]
  -------------------------------------------------------------------
                         required time                         10.011    
                         arrival time                          -8.369    
  -------------------------------------------------------------------
                         slack                                  1.642    

Slack (MET) :             1.642ns  (required time - arrival time)
  Source:                 u_tx_message_fifo/rd_ptr_reg[0]/C
                            (rising edge-triggered cell FDRE clocked by clk  {rise@0.000ns fall@5.000ns period=10.000ns})
  Destination:            dout_data_reg[7]/D
                            (rising edge-triggered cell FDCE clocked by clk  {rise@0.000ns fall@5.000ns period=10.000ns})
  Path Group:             clk
  Path Type:              Setup (Max at Slow Process Corner)
  Requirement:            10.000ns  (clk rise@10.000ns - clk rise@0.000ns)
  Data Path Delay:        7.832ns  (logic 2.912ns (37.181%)  route 4.920ns (62.819%))
  Logic Levels:           20  (CARRY4=12 LUT2=2 LUT3=1 LUT4=1 LUT5=1 LUT6=2 RAMD32=1)
  Clock Path Skew:        -0.027ns (DCD - SCD + CPR)
    Destination Clock Delay (DCD):    0.510ns = ( 10.510 - 10.000 ) 
    Source Clock Delay      (SCD):    0.537ns
    Clock Pessimism Removal (CPR):    0.000ns
  Clock Uncertainty:      0.535ns  ((TSJ^2 + TIJ^2)^1/2 + DJ) / 2 + PE + UU
    Total System Jitter     (TSJ):    0.071ns
    Total Input Jitter      (TIJ):    0.000ns
    Discrete Jitter          (DJ):    0.000ns
    Phase Error              (PE):    0.000ns
    User Uncertainty         (UU):    0.500ns

    Location             Delay type                Incr(ns)  Path(ns)    Netlist Resource(s)
  -------------------------------------------------------------------    -------------------
                         (clock clk rise edge)        0.000     0.000 r  
                                                      0.000     0.000 r  clk (IN)
                         net (fo=181, unset)          0.537     0.537    u_tx_message_fifo/clk
                         FDRE                                         r  u_tx_message_fifo/rd_ptr_reg[0]/C
  -------------------------------------------------------------------    -------------------
                         FDRE (Prop_fdre_C_Q)         0.223     0.760 r  u_tx_message_fifo/rd_ptr_reg[0]/Q
                         net (fo=42, unplaced)        0.605     1.365    u_tx_message_fifo/mem_reg_0_15_18_23/ADDRA0
                         RAMD32 (Prop_ramd32_RADR0_O)
                                                      0.123     1.488 r  u_tx_message_fifo/mem_reg_0_15_18_23/RAMA_D1/O
                         net (fo=4, unplaced)         0.521     2.009    u_tx_message_fifo/p_0_in[3]
                         CARRY4 (Prop_carry4_DI[1]_CO[3])
                                                      0.250     2.259 r  u_tx_message_fifo/dout_data_reg[5]_i_9/CO[3]
                         net (fo=1, unplaced)         0.000     2.259    u_tx_message_fifo/dout_data_reg[5]_i_9_n_0
                         CARRY4 (Prop_carry4_CI_O[2])
                                                      0.119     2.378 r  u_tx_message_fifo/dout_data_reg[11]_i_15/O[2]
                         net (fo=6, unplaced)         0.302     2.680    data32[8]
                         LUT3 (Prop_lut3_I1_O)        0.127     2.807 r  dout_data[11]_i_65/O
                         net (fo=1, unplaced)         0.497     3.304    u_tx_message_fifo/dout_data[11]_i_28[1]
                         CARRY4 (Prop_carry4_DI[1]_CO[3])
                                                      0.250     3.554 r  u_tx_message_fifo/dout_data_reg[11]_i_38/CO[3]
                         net (fo=1, unplaced)         0.000     3.554    u_tx_message_fifo/dout_data_reg[11]_i_38_n_0
                         CARRY4 (Prop_carry4_CI_O[3])
                                                      0.155     3.709 r  u_tx_message_fifo/dout_data_reg[15]_i_81/O[3]
                         net (fo=4, unplaced)         0.470     4.179    u_tx_message_fifo_n_95
                         LUT6 (Prop_lut6_I0_O)        0.120     4.299 r  dout_data[15]_i_99/O
                         net (fo=2, unplaced)         0.508     4.807    u_tx_message_fifo/dout_data[15]_i_44_1[1]
                         CARRY4 (Prop_carry4_DI[1]_CO[3])
                                                      0.250     5.057 r  u_tx_message_fifo/dout_data_reg[15]_i_64/CO[3]
                         net (fo=1, unplaced)         0.628     5.685    u_tx_message_fifo/dout_data_reg[15]_i_64_n_0
                         LUT2 (Prop_lut2_I1_O)        0.043     5.728 r  u_tx_message_fifo/dout_data[15]_i_41/O
                         net (fo=1, unplaced)         0.000     5.728    u_tx_message_fifo/dout_data[15]_i_41_n_0
                         CARRY4 (Prop_carry4_S[3]_CO[3])
                                                      0.193     5.921 r  u_tx_message_fifo/dout_data_reg[15]_i_33/CO[3]
                         net (fo=1, unplaced)         0.000     5.921    u_tx_message_fifo/dout_data_reg[15]_i_33_n_0
                         CARRY4 (Prop_carry4_CI_CO[3])
                                                      0.053     5.974 r  u_tx_message_fifo/dout_data_reg[15]_i_35/CO[3]
                         net (fo=1, unplaced)         0.000     5.974    u_tx_message_fifo/dout_data_reg[15]_i_35_n_0
                         CARRY4 (Prop_carry4_CI_CO[3])
                                                      0.053     6.027 r  u_tx_message_fifo/dout_data_reg[11]_i_17/CO[3]
                         net (fo=1, unplaced)         0.000     6.027    u_tx_message_fifo/dout_data_reg[11]_i_17_n_0
                         CARRY4 (Prop_carry4_CI_CO[3])
                                                      0.053     6.080 r  u_tx_message_fifo/dout_data_reg[15]_i_32/CO[3]
                         net (fo=1, unplaced)         0.000     6.080    u_tx_message_fifo/dout_data_reg[15]_i_32_n_0
                         CARRY4 (Prop_carry4_CI_CO[0])
                                                      0.152     6.232 r  u_tx_message_fifo/dout_data_reg[15]_i_45/CO[0]
                         net (fo=1, unplaced)         0.191     6.423    u_tx_message_fifo_n_117
                         LUT2 (Prop_lut2_I1_O)        0.128     6.551 r  dout_data[15]_i_34/O
                         net (fo=1, unplaced)         0.000     6.551    dout_data[15]_i_34_n_0
                         CARRY4 (Prop_carry4_S[0]_CO[3])
                                                      0.259     6.810 r  dout_data_reg[15]_i_19/CO[3]
                         net (fo=1, unplaced)         0.000     6.810    dout_data_reg[15]_i_19_n_0
                         CARRY4 (Prop_carry4_CI_O[3])
                                                      0.155     6.965 r  dout_data_reg[15]_i_20/O[3]
                         net (fo=2, unplaced)         0.457     7.422    w_udp_sum_f2[7]
                         LUT4 (Prop_lut4_I0_O)        0.120     7.542 r  dout_data[15]_i_11/O
                         net (fo=2, unplaced)         0.418     7.960    dout_data[15]_i_11_n_0
                         LUT5 (Prop_lut5_I4_O)        0.043     8.003 r  dout_data[15]_i_3/O
                         net (fo=15, unplaced)        0.323     8.326    u_tx_data_fifo/dout_data_reg[15]
                         LUT6 (Prop_lut6_I1_O)        0.043     8.369 r  u_tx_data_fifo/dout_data[7]_i_1/O
                         net (fo=1, unplaced)         0.000     8.369    p_0_out[7]
                         FDCE                                         r  dout_data_reg[7]/D
  -------------------------------------------------------------------    -------------------

                         (clock clk rise edge)       10.000    10.000 r  
                                                      0.000    10.000 r  clk (IN)
                         net (fo=181, unset)          0.510    10.510    clk
                         FDCE                                         r  dout_data_reg[7]/C
                         clock pessimism              0.000    10.510    
                         clock uncertainty           -0.535     9.975    
                         FDCE (Setup_fdce_C_D)        0.036    10.011    dout_data_reg[7]
  -------------------------------------------------------------------
                         required time                         10.011    
                         arrival time                          -8.369    
  -------------------------------------------------------------------
                         slack                                  1.642    

Slack (MET) :             1.642ns  (required time - arrival time)
  Source:                 u_tx_message_fifo/rd_ptr_reg[0]/C
                            (rising edge-triggered cell FDRE clocked by clk  {rise@0.000ns fall@5.000ns period=10.000ns})
  Destination:            dout_data_reg[8]/D
                            (rising edge-triggered cell FDCE clocked by clk  {rise@0.000ns fall@5.000ns period=10.000ns})
  Path Group:             clk
  Path Type:              Setup (Max at Slow Process Corner)
  Requirement:            10.000ns  (clk rise@10.000ns - clk rise@0.000ns)
  Data Path Delay:        7.832ns  (logic 2.912ns (37.181%)  route 4.920ns (62.819%))
  Logic Levels:           20  (CARRY4=12 LUT2=2 LUT3=1 LUT4=1 LUT5=1 LUT6=2 RAMD32=1)
  Clock Path Skew:        -0.027ns (DCD - SCD + CPR)
    Destination Clock Delay (DCD):    0.510ns = ( 10.510 - 10.000 ) 
    Source Clock Delay      (SCD):    0.537ns
    Clock Pessimism Removal (CPR):    0.000ns
  Clock Uncertainty:      0.535ns  ((TSJ^2 + TIJ^2)^1/2 + DJ) / 2 + PE + UU
    Total System Jitter     (TSJ):    0.071ns
    Total Input Jitter      (TIJ):    0.000ns
    Discrete Jitter          (DJ):    0.000ns
    Phase Error              (PE):    0.000ns
    User Uncertainty         (UU):    0.500ns

    Location             Delay type                Incr(ns)  Path(ns)    Netlist Resource(s)
  -------------------------------------------------------------------    -------------------
                         (clock clk rise edge)        0.000     0.000 r  
                                                      0.000     0.000 r  clk (IN)
                         net (fo=181, unset)          0.537     0.537    u_tx_message_fifo/clk
                         FDRE                                         r  u_tx_message_fifo/rd_ptr_reg[0]/C
  -------------------------------------------------------------------    -------------------
                         FDRE (Prop_fdre_C_Q)         0.223     0.760 r  u_tx_message_fifo/rd_ptr_reg[0]/Q
                         net (fo=42, unplaced)        0.605     1.365    u_tx_message_fifo/mem_reg_0_15_18_23/ADDRA0
                         RAMD32 (Prop_ramd32_RADR0_O)
                                                      0.123     1.488 r  u_tx_message_fifo/mem_reg_0_15_18_23/RAMA_D1/O
                         net (fo=4, unplaced)         0.521     2.009    u_tx_message_fifo/p_0_in[3]
                         CARRY4 (Prop_carry4_DI[1]_CO[3])
                                                      0.250     2.259 r  u_tx_message_fifo/dout_data_reg[5]_i_9/CO[3]
                         net (fo=1, unplaced)         0.000     2.259    u_tx_message_fifo/dout_data_reg[5]_i_9_n_0
                         CARRY4 (Prop_carry4_CI_O[2])
                                                      0.119     2.378 r  u_tx_message_fifo/dout_data_reg[11]_i_15/O[2]
                         net (fo=6, unplaced)         0.302     2.680    data32[8]
                         LUT3 (Prop_lut3_I1_O)        0.127     2.807 r  dout_data[11]_i_65/O
                         net (fo=1, unplaced)         0.497     3.304    u_tx_message_fifo/dout_data[11]_i_28[1]
                         CARRY4 (Prop_carry4_DI[1]_CO[3])
                                                      0.250     3.554 r  u_tx_message_fifo/dout_data_reg[11]_i_38/CO[3]
                         net (fo=1, unplaced)         0.000     3.554    u_tx_message_fifo/dout_data_reg[11]_i_38_n_0
                         CARRY4 (Prop_carry4_CI_O[3])
                                                      0.155     3.709 r  u_tx_message_fifo/dout_data_reg[15]_i_81/O[3]
                         net (fo=4, unplaced)         0.470     4.179    u_tx_message_fifo_n_95
                         LUT6 (Prop_lut6_I0_O)        0.120     4.299 r  dout_data[15]_i_99/O
                         net (fo=2, unplaced)         0.508     4.807    u_tx_message_fifo/dout_data[15]_i_44_1[1]
                         CARRY4 (Prop_carry4_DI[1]_CO[3])
                                                      0.250     5.057 r  u_tx_message_fifo/dout_data_reg[15]_i_64/CO[3]
                         net (fo=1, unplaced)         0.628     5.685    u_tx_message_fifo/dout_data_reg[15]_i_64_n_0
                         LUT2 (Prop_lut2_I1_O)        0.043     5.728 r  u_tx_message_fifo/dout_data[15]_i_41/O
                         net (fo=1, unplaced)         0.000     5.728    u_tx_message_fifo/dout_data[15]_i_41_n_0
                         CARRY4 (Prop_carry4_S[3]_CO[3])
                                                      0.193     5.921 r  u_tx_message_fifo/dout_data_reg[15]_i_33/CO[3]
                         net (fo=1, unplaced)         0.000     5.921    u_tx_message_fifo/dout_data_reg[15]_i_33_n_0
                         CARRY4 (Prop_carry4_CI_CO[3])
                                                      0.053     5.974 r  u_tx_message_fifo/dout_data_reg[15]_i_35/CO[3]
                         net (fo=1, unplaced)         0.000     5.974    u_tx_message_fifo/dout_data_reg[15]_i_35_n_0
                         CARRY4 (Prop_carry4_CI_CO[3])
                                                      0.053     6.027 r  u_tx_message_fifo/dout_data_reg[11]_i_17/CO[3]
                         net (fo=1, unplaced)         0.000     6.027    u_tx_message_fifo/dout_data_reg[11]_i_17_n_0
                         CARRY4 (Prop_carry4_CI_CO[3])
                                                      0.053     6.080 r  u_tx_message_fifo/dout_data_reg[15]_i_32/CO[3]
                         net (fo=1, unplaced)         0.000     6.080    u_tx_message_fifo/dout_data_reg[15]_i_32_n_0
                         CARRY4 (Prop_carry4_CI_CO[0])
                                                      0.152     6.232 r  u_tx_message_fifo/dout_data_reg[15]_i_45/CO[0]
                         net (fo=1, unplaced)         0.191     6.423    u_tx_message_fifo_n_117
                         LUT2 (Prop_lut2_I1_O)        0.128     6.551 r  dout_data[15]_i_34/O
                         net (fo=1, unplaced)         0.000     6.551    dout_data[15]_i_34_n_0
                         CARRY4 (Prop_carry4_S[0]_CO[3])
                                                      0.259     6.810 r  dout_data_reg[15]_i_19/CO[3]
                         net (fo=1, unplaced)         0.000     6.810    dout_data_reg[15]_i_19_n_0
                         CARRY4 (Prop_carry4_CI_O[3])
                                                      0.155     6.965 r  dout_data_reg[15]_i_20/O[3]
                         net (fo=2, unplaced)         0.457     7.422    w_udp_sum_f2[7]
                         LUT4 (Prop_lut4_I0_O)        0.120     7.542 r  dout_data[15]_i_11/O
                         net (fo=2, unplaced)         0.418     7.960    dout_data[15]_i_11_n_0
                         LUT5 (Prop_lut5_I4_O)        0.043     8.003 r  dout_data[15]_i_3/O
                         net (fo=15, unplaced)        0.323     8.326    u_tx_data_fifo/dout_data_reg[15]
                         LUT6 (Prop_lut6_I1_O)        0.043     8.369 r  u_tx_data_fifo/dout_data[8]_i_1/O
                         net (fo=1, unplaced)         0.000     8.369    p_0_out[8]
                         FDCE                                         r  dout_data_reg[8]/D
  -------------------------------------------------------------------    -------------------

                         (clock clk rise edge)       10.000    10.000 r  
                                                      0.000    10.000 r  clk (IN)
                         net (fo=181, unset)          0.510    10.510    clk
                         FDCE                                         r  dout_data_reg[8]/C
                         clock pessimism              0.000    10.510    
                         clock uncertainty           -0.535     9.975    
                         FDCE (Setup_fdce_C_D)        0.036    10.011    dout_data_reg[8]
  -------------------------------------------------------------------
                         required time                         10.011    
                         arrival time                          -8.369    
  -------------------------------------------------------------------
                         slack                                  1.642    

Slack (MET) :             1.642ns  (required time - arrival time)
  Source:                 u_tx_message_fifo/rd_ptr_reg[0]/C
                            (rising edge-triggered cell FDRE clocked by clk  {rise@0.000ns fall@5.000ns period=10.000ns})
  Destination:            dout_data_reg[9]/D
                            (rising edge-triggered cell FDCE clocked by clk  {rise@0.000ns fall@5.000ns period=10.000ns})
  Path Group:             clk
  Path Type:              Setup (Max at Slow Process Corner)
  Requirement:            10.000ns  (clk rise@10.000ns - clk rise@0.000ns)
  Data Path Delay:        7.832ns  (logic 2.912ns (37.181%)  route 4.920ns (62.819%))
  Logic Levels:           20  (CARRY4=12 LUT2=2 LUT3=1 LUT4=1 LUT5=1 LUT6=2 RAMD32=1)
  Clock Path Skew:        -0.027ns (DCD - SCD + CPR)
    Destination Clock Delay (DCD):    0.510ns = ( 10.510 - 10.000 ) 
    Source Clock Delay      (SCD):    0.537ns
    Clock Pessimism Removal (CPR):    0.000ns
  Clock Uncertainty:      0.535ns  ((TSJ^2 + TIJ^2)^1/2 + DJ) / 2 + PE + UU
    Total System Jitter     (TSJ):    0.071ns
    Total Input Jitter      (TIJ):    0.000ns
    Discrete Jitter          (DJ):    0.000ns
    Phase Error              (PE):    0.000ns
    User Uncertainty         (UU):    0.500ns

    Location             Delay type                Incr(ns)  Path(ns)    Netlist Resource(s)
  -------------------------------------------------------------------    -------------------
                         (clock clk rise edge)        0.000     0.000 r  
                                                      0.000     0.000 r  clk (IN)
                         net (fo=181, unset)          0.537     0.537    u_tx_message_fifo/clk
                         FDRE                                         r  u_tx_message_fifo/rd_ptr_reg[0]/C
  -------------------------------------------------------------------    -------------------
                         FDRE (Prop_fdre_C_Q)         0.223     0.760 r  u_tx_message_fifo/rd_ptr_reg[0]/Q
                         net (fo=42, unplaced)        0.605     1.365    u_tx_message_fifo/mem_reg_0_15_18_23/ADDRA0
                         RAMD32 (Prop_ramd32_RADR0_O)
                                                      0.123     1.488 r  u_tx_message_fifo/mem_reg_0_15_18_23/RAMA_D1/O
                         net (fo=4, unplaced)         0.521     2.009    u_tx_message_fifo/p_0_in[3]
                         CARRY4 (Prop_carry4_DI[1]_CO[3])
                                                      0.250     2.259 r  u_tx_message_fifo/dout_data_reg[5]_i_9/CO[3]
                         net (fo=1, unplaced)         0.000     2.259    u_tx_message_fifo/dout_data_reg[5]_i_9_n_0
                         CARRY4 (Prop_carry4_CI_O[2])
                                                      0.119     2.378 r  u_tx_message_fifo/dout_data_reg[11]_i_15/O[2]
                         net (fo=6, unplaced)         0.302     2.680    data32[8]
                         LUT3 (Prop_lut3_I1_O)        0.127     2.807 r  dout_data[11]_i_65/O
                         net (fo=1, unplaced)         0.497     3.304    u_tx_message_fifo/dout_data[11]_i_28[1]
                         CARRY4 (Prop_carry4_DI[1]_CO[3])
                                                      0.250     3.554 r  u_tx_message_fifo/dout_data_reg[11]_i_38/CO[3]
                         net (fo=1, unplaced)         0.000     3.554    u_tx_message_fifo/dout_data_reg[11]_i_38_n_0
                         CARRY4 (Prop_carry4_CI_O[3])
                                                      0.155     3.709 r  u_tx_message_fifo/dout_data_reg[15]_i_81/O[3]
                         net (fo=4, unplaced)         0.470     4.179    u_tx_message_fifo_n_95
                         LUT6 (Prop_lut6_I0_O)        0.120     4.299 r  dout_data[15]_i_99/O
                         net (fo=2, unplaced)         0.508     4.807    u_tx_message_fifo/dout_data[15]_i_44_1[1]
                         CARRY4 (Prop_carry4_DI[1]_CO[3])
                                                      0.250     5.057 r  u_tx_message_fifo/dout_data_reg[15]_i_64/CO[3]
                         net (fo=1, unplaced)         0.628     5.685    u_tx_message_fifo/dout_data_reg[15]_i_64_n_0
                         LUT2 (Prop_lut2_I1_O)        0.043     5.728 r  u_tx_message_fifo/dout_data[15]_i_41/O
                         net (fo=1, unplaced)         0.000     5.728    u_tx_message_fifo/dout_data[15]_i_41_n_0
                         CARRY4 (Prop_carry4_S[3]_CO[3])
                                                      0.193     5.921 r  u_tx_message_fifo/dout_data_reg[15]_i_33/CO[3]
                         net (fo=1, unplaced)         0.000     5.921    u_tx_message_fifo/dout_data_reg[15]_i_33_n_0
                         CARRY4 (Prop_carry4_CI_CO[3])
                                                      0.053     5.974 r  u_tx_message_fifo/dout_data_reg[15]_i_35/CO[3]
                         net (fo=1, unplaced)         0.000     5.974    u_tx_message_fifo/dout_data_reg[15]_i_35_n_0
                         CARRY4 (Prop_carry4_CI_CO[3])
                                                      0.053     6.027 r  u_tx_message_fifo/dout_data_reg[11]_i_17/CO[3]
                         net (fo=1, unplaced)         0.000     6.027    u_tx_message_fifo/dout_data_reg[11]_i_17_n_0
                         CARRY4 (Prop_carry4_CI_CO[3])
                                                      0.053     6.080 r  u_tx_message_fifo/dout_data_reg[15]_i_32/CO[3]
                         net (fo=1, unplaced)         0.000     6.080    u_tx_message_fifo/dout_data_reg[15]_i_32_n_0
                         CARRY4 (Prop_carry4_CI_CO[0])
                                                      0.152     6.232 r  u_tx_message_fifo/dout_data_reg[15]_i_45/CO[0]
                         net (fo=1, unplaced)         0.191     6.423    u_tx_message_fifo_n_117
                         LUT2 (Prop_lut2_I1_O)        0.128     6.551 r  dout_data[15]_i_34/O
                         net (fo=1, unplaced)         0.000     6.551    dout_data[15]_i_34_n_0
                         CARRY4 (Prop_carry4_S[0]_CO[3])
                                                      0.259     6.810 r  dout_data_reg[15]_i_19/CO[3]
                         net (fo=1, unplaced)         0.000     6.810    dout_data_reg[15]_i_19_n_0
                         CARRY4 (Prop_carry4_CI_O[3])
                                                      0.155     6.965 r  dout_data_reg[15]_i_20/O[3]
                         net (fo=2, unplaced)         0.457     7.422    w_udp_sum_f2[7]
                         LUT4 (Prop_lut4_I0_O)        0.120     7.542 r  dout_data[15]_i_11/O
                         net (fo=2, unplaced)         0.418     7.960    dout_data[15]_i_11_n_0
                         LUT5 (Prop_lut5_I4_O)        0.043     8.003 r  dout_data[15]_i_3/O
                         net (fo=15, unplaced)        0.323     8.326    u_tx_data_fifo/dout_data_reg[15]
                         LUT6 (Prop_lut6_I1_O)        0.043     8.369 r  u_tx_data_fifo/dout_data[9]_i_1/O
                         net (fo=1, unplaced)         0.000     8.369    p_0_out[9]
                         FDCE                                         r  dout_data_reg[9]/D
  -------------------------------------------------------------------    -------------------

                         (clock clk rise edge)       10.000    10.000 r  
                                                      0.000    10.000 r  clk (IN)
                         net (fo=181, unset)          0.510    10.510    clk
                         FDCE                                         r  dout_data_reg[9]/C
                         clock pessimism              0.000    10.510    
                         clock uncertainty           -0.535     9.975    
                         FDCE (Setup_fdce_C_D)        0.036    10.011    dout_data_reg[9]
  -------------------------------------------------------------------
                         required time                         10.011    
                         arrival time                          -8.369    
  -------------------------------------------------------------------
                         slack                                  1.642    

Slack (MET) :             1.670ns  (required time - arrival time)
  Source:                 u_tx_message_fifo/rd_ptr_reg[0]/C
                            (rising edge-triggered cell FDRE clocked by clk  {rise@0.000ns fall@5.000ns period=10.000ns})
  Destination:            dout_data_reg[12]/D
                            (rising edge-triggered cell FDCE clocked by clk  {rise@0.000ns fall@5.000ns period=10.000ns})
  Path Group:             clk
  Path Type:              Setup (Max at Slow Process Corner)
  Requirement:            10.000ns  (clk rise@10.000ns - clk rise@0.000ns)
  Data Path Delay:        7.804ns  (logic 2.912ns (37.314%)  route 4.892ns (62.686%))
  Logic Levels:           20  (CARRY4=12 LUT2=2 LUT3=1 LUT4=1 LUT5=1 LUT6=2 RAMD32=1)
  Clock Path Skew:        -0.027ns (DCD - SCD + CPR)
    Destination Clock Delay (DCD):    0.510ns = ( 10.510 - 10.000 ) 
    Source Clock Delay      (SCD):    0.537ns
    Clock Pessimism Removal (CPR):    0.000ns
  Clock Uncertainty:      0.535ns  ((TSJ^2 + TIJ^2)^1/2 + DJ) / 2 + PE + UU
    Total System Jitter     (TSJ):    0.071ns
    Total Input Jitter      (TIJ):    0.000ns
    Discrete Jitter          (DJ):    0.000ns
    Phase Error              (PE):    0.000ns
    User Uncertainty         (UU):    0.500ns

    Location             Delay type                Incr(ns)  Path(ns)    Netlist Resource(s)
  -------------------------------------------------------------------    -------------------
                         (clock clk rise edge)        0.000     0.000 r  
                                                      0.000     0.000 r  clk (IN)
                         net (fo=181, unset)          0.537     0.537    u_tx_message_fifo/clk
                         FDRE                                         r  u_tx_message_fifo/rd_ptr_reg[0]/C
  -------------------------------------------------------------------    -------------------
                         FDRE (Prop_fdre_C_Q)         0.223     0.760 r  u_tx_message_fifo/rd_ptr_reg[0]/Q
                         net (fo=42, unplaced)        0.605     1.365    u_tx_message_fifo/mem_reg_0_15_18_23/ADDRA0
                         RAMD32 (Prop_ramd32_RADR0_O)
                                                      0.123     1.488 r  u_tx_message_fifo/mem_reg_0_15_18_23/RAMA_D1/O
                         net (fo=4, unplaced)         0.521     2.009    u_tx_message_fifo/p_0_in[3]
                         CARRY4 (Prop_carry4_DI[1]_CO[3])
                                                      0.250     2.259 r  u_tx_message_fifo/dout_data_reg[5]_i_9/CO[3]
                         net (fo=1, unplaced)         0.000     2.259    u_tx_message_fifo/dout_data_reg[5]_i_9_n_0
                         CARRY4 (Prop_carry4_CI_O[2])
                                                      0.119     2.378 r  u_tx_message_fifo/dout_data_reg[11]_i_15/O[2]
                         net (fo=6, unplaced)         0.302     2.680    data32[8]
                         LUT3 (Prop_lut3_I1_O)        0.127     2.807 r  dout_data[11]_i_65/O
                         net (fo=1, unplaced)         0.497     3.304    u_tx_message_fifo/dout_data[11]_i_28[1]
                         CARRY4 (Prop_carry4_DI[1]_CO[3])
                                                      0.250     3.554 r  u_tx_message_fifo/dout_data_reg[11]_i_38/CO[3]
                         net (fo=1, unplaced)         0.000     3.554    u_tx_message_fifo/dout_data_reg[11]_i_38_n_0
                         CARRY4 (Prop_carry4_CI_O[3])
                                                      0.155     3.709 r  u_tx_message_fifo/dout_data_reg[15]_i_81/O[3]
                         net (fo=4, unplaced)         0.470     4.179    u_tx_message_fifo_n_95
                         LUT6 (Prop_lut6_I0_O)        0.120     4.299 r  dout_data[15]_i_99/O
                         net (fo=2, unplaced)         0.508     4.807    u_tx_message_fifo/dout_data[15]_i_44_1[1]
                         CARRY4 (Prop_carry4_DI[1]_CO[3])
                                                      0.250     5.057 r  u_tx_message_fifo/dout_data_reg[15]_i_64/CO[3]
                         net (fo=1, unplaced)         0.628     5.685    u_tx_message_fifo/dout_data_reg[15]_i_64_n_0
                         LUT2 (Prop_lut2_I1_O)        0.043     5.728 r  u_tx_message_fifo/dout_data[15]_i_41/O
                         net (fo=1, unplaced)         0.000     5.728    u_tx_message_fifo/dout_data[15]_i_41_n_0
                         CARRY4 (Prop_carry4_S[3]_CO[3])
                                                      0.193     5.921 r  u_tx_message_fifo/dout_data_reg[15]_i_33/CO[3]
                         net (fo=1, unplaced)         0.000     5.921    u_tx_message_fifo/dout_data_reg[15]_i_33_n_0
                         CARRY4 (Prop_carry4_CI_CO[3])
                                                      0.053     5.974 r  u_tx_message_fifo/dout_data_reg[15]_i_35/CO[3]
                         net (fo=1, unplaced)         0.000     5.974    u_tx_message_fifo/dout_data_reg[15]_i_35_n_0
                         CARRY4 (Prop_carry4_CI_CO[3])
                                                      0.053     6.027 r  u_tx_message_fifo/dout_data_reg[11]_i_17/CO[3]
                         net (fo=1, unplaced)         0.000     6.027    u_tx_message_fifo/dout_data_reg[11]_i_17_n_0
                         CARRY4 (Prop_carry4_CI_CO[3])
                                                      0.053     6.080 r  u_tx_message_fifo/dout_data_reg[15]_i_32/CO[3]
                         net (fo=1, unplaced)         0.000     6.080    u_tx_message_fifo/dout_data_reg[15]_i_32_n_0
                         CARRY4 (Prop_carry4_CI_CO[0])
                                                      0.152     6.232 r  u_tx_message_fifo/dout_data_reg[15]_i_45/CO[0]
                         net (fo=1, unplaced)         0.191     6.423    u_tx_message_fifo_n_117
                         LUT2 (Prop_lut2_I1_O)        0.128     6.551 r  dout_data[15]_i_34/O
                         net (fo=1, unplaced)         0.000     6.551    dout_data[15]_i_34_n_0
                         CARRY4 (Prop_carry4_S[0]_CO[3])
                                                      0.259     6.810 r  dout_data_reg[15]_i_19/CO[3]
                         net (fo=1, unplaced)         0.000     6.810    dout_data_reg[15]_i_19_n_0
                         CARRY4 (Prop_carry4_CI_O[3])
                                                      0.155     6.965 r  dout_data_reg[15]_i_20/O[3]
                         net (fo=2, unplaced)         0.457     7.422    w_udp_sum_f2[7]
                         LUT4 (Prop_lut4_I0_O)        0.120     7.542 r  dout_data[15]_i_11/O
                         net (fo=2, unplaced)         0.418     7.960    dout_data[15]_i_11_n_0
                         LUT5 (Prop_lut5_I4_O)        0.043     8.003 r  dout_data[15]_i_3/O
                         net (fo=15, unplaced)        0.295     8.298    u_tx_data_fifo/dout_data_reg[15]
                         LUT6 (Prop_lut6_I1_O)        0.043     8.341 r  u_tx_data_fifo/dout_data[12]_i_1/O
                         net (fo=1, unplaced)         0.000     8.341    p_0_out[12]
                         FDCE                                         r  dout_data_reg[12]/D
  -------------------------------------------------------------------    -------------------

                         (clock clk rise edge)       10.000    10.000 r  
                                                      0.000    10.000 r  clk (IN)
                         net (fo=181, unset)          0.510    10.510    clk
                         FDCE                                         r  dout_data_reg[12]/C
                         clock pessimism              0.000    10.510    
                         clock uncertainty           -0.535     9.975    
                         FDCE (Setup_fdce_C_D)        0.036    10.011    dout_data_reg[12]
  -------------------------------------------------------------------
                         required time                         10.011    
                         arrival time                          -8.341    
  -------------------------------------------------------------------
                         slack                                  1.670    

Slack (MET) :             1.670ns  (required time - arrival time)
  Source:                 u_tx_message_fifo/rd_ptr_reg[0]/C
                            (rising edge-triggered cell FDRE clocked by clk  {rise@0.000ns fall@5.000ns period=10.000ns})
  Destination:            dout_data_reg[13]/D
                            (rising edge-triggered cell FDCE clocked by clk  {rise@0.000ns fall@5.000ns period=10.000ns})
  Path Group:             clk
  Path Type:              Setup (Max at Slow Process Corner)
  Requirement:            10.000ns  (clk rise@10.000ns - clk rise@0.000ns)
  Data Path Delay:        7.804ns  (logic 2.912ns (37.314%)  route 4.892ns (62.686%))
  Logic Levels:           20  (CARRY4=12 LUT2=2 LUT3=1 LUT4=1 LUT5=1 LUT6=2 RAMD32=1)
  Clock Path Skew:        -0.027ns (DCD - SCD + CPR)
    Destination Clock Delay (DCD):    0.510ns = ( 10.510 - 10.000 ) 
    Source Clock Delay      (SCD):    0.537ns
    Clock Pessimism Removal (CPR):    0.000ns
  Clock Uncertainty:      0.535ns  ((TSJ^2 + TIJ^2)^1/2 + DJ) / 2 + PE + UU
    Total System Jitter     (TSJ):    0.071ns
    Total Input Jitter      (TIJ):    0.000ns
    Discrete Jitter          (DJ):    0.000ns
    Phase Error              (PE):    0.000ns
    User Uncertainty         (UU):    0.500ns

    Location             Delay type                Incr(ns)  Path(ns)    Netlist Resource(s)
  -------------------------------------------------------------------    -------------------
                         (clock clk rise edge)        0.000     0.000 r  
                                                      0.000     0.000 r  clk (IN)
                         net (fo=181, unset)          0.537     0.537    u_tx_message_fifo/clk
                         FDRE                                         r  u_tx_message_fifo/rd_ptr_reg[0]/C
  -------------------------------------------------------------------    -------------------
                         FDRE (Prop_fdre_C_Q)         0.223     0.760 r  u_tx_message_fifo/rd_ptr_reg[0]/Q
                         net (fo=42, unplaced)        0.605     1.365    u_tx_message_fifo/mem_reg_0_15_18_23/ADDRA0
                         RAMD32 (Prop_ramd32_RADR0_O)
                                                      0.123     1.488 r  u_tx_message_fifo/mem_reg_0_15_18_23/RAMA_D1/O
                         net (fo=4, unplaced)         0.521     2.009    u_tx_message_fifo/p_0_in[3]
                         CARRY4 (Prop_carry4_DI[1]_CO[3])
                                                      0.250     2.259 r  u_tx_message_fifo/dout_data_reg[5]_i_9/CO[3]
                         net (fo=1, unplaced)         0.000     2.259    u_tx_message_fifo/dout_data_reg[5]_i_9_n_0
                         CARRY4 (Prop_carry4_CI_O[2])
                                                      0.119     2.378 r  u_tx_message_fifo/dout_data_reg[11]_i_15/O[2]
                         net (fo=6, unplaced)         0.302     2.680    data32[8]
                         LUT3 (Prop_lut3_I1_O)        0.127     2.807 r  dout_data[11]_i_65/O
                         net (fo=1, unplaced)         0.497     3.304    u_tx_message_fifo/dout_data[11]_i_28[1]
                         CARRY4 (Prop_carry4_DI[1]_CO[3])
                                                      0.250     3.554 r  u_tx_message_fifo/dout_data_reg[11]_i_38/CO[3]
                         net (fo=1, unplaced)         0.000     3.554    u_tx_message_fifo/dout_data_reg[11]_i_38_n_0
                         CARRY4 (Prop_carry4_CI_O[3])
                                                      0.155     3.709 r  u_tx_message_fifo/dout_data_reg[15]_i_81/O[3]
                         net (fo=4, unplaced)         0.470     4.179    u_tx_message_fifo_n_95
                         LUT6 (Prop_lut6_I0_O)        0.120     4.299 r  dout_data[15]_i_99/O
                         net (fo=2, unplaced)         0.508     4.807    u_tx_message_fifo/dout_data[15]_i_44_1[1]
                         CARRY4 (Prop_carry4_DI[1]_CO[3])
                                                      0.250     5.057 r  u_tx_message_fifo/dout_data_reg[15]_i_64/CO[3]
                         net (fo=1, unplaced)         0.628     5.685    u_tx_message_fifo/dout_data_reg[15]_i_64_n_0
                         LUT2 (Prop_lut2_I1_O)        0.043     5.728 r  u_tx_message_fifo/dout_data[15]_i_41/O
                         net (fo=1, unplaced)         0.000     5.728    u_tx_message_fifo/dout_data[15]_i_41_n_0
                         CARRY4 (Prop_carry4_S[3]_CO[3])
                                                      0.193     5.921 r  u_tx_message_fifo/dout_data_reg[15]_i_33/CO[3]
                         net (fo=1, unplaced)         0.000     5.921    u_tx_message_fifo/dout_data_reg[15]_i_33_n_0
                         CARRY4 (Prop_carry4_CI_CO[3])
                                                      0.053     5.974 r  u_tx_message_fifo/dout_data_reg[15]_i_35/CO[3]
                         net (fo=1, unplaced)         0.000     5.974    u_tx_message_fifo/dout_data_reg[15]_i_35_n_0
                         CARRY4 (Prop_carry4_CI_CO[3])
                                                      0.053     6.027 r  u_tx_message_fifo/dout_data_reg[11]_i_17/CO[3]
                         net (fo=1, unplaced)         0.000     6.027    u_tx_message_fifo/dout_data_reg[11]_i_17_n_0
                         CARRY4 (Prop_carry4_CI_CO[3])
                                                      0.053     6.080 r  u_tx_message_fifo/dout_data_reg[15]_i_32/CO[3]
                         net (fo=1, unplaced)         0.000     6.080    u_tx_message_fifo/dout_data_reg[15]_i_32_n_0
                         CARRY4 (Prop_carry4_CI_CO[0])
                                                      0.152     6.232 r  u_tx_message_fifo/dout_data_reg[15]_i_45/CO[0]
                         net (fo=1, unplaced)         0.191     6.423    u_tx_message_fifo_n_117
                         LUT2 (Prop_lut2_I1_O)        0.128     6.551 r  dout_data[15]_i_34/O
                         net (fo=1, unplaced)         0.000     6.551    dout_data[15]_i_34_n_0
                         CARRY4 (Prop_carry4_S[0]_CO[3])
                                                      0.259     6.810 r  dout_data_reg[15]_i_19/CO[3]
                         net (fo=1, unplaced)         0.000     6.810    dout_data_reg[15]_i_19_n_0
                         CARRY4 (Prop_carry4_CI_O[3])
                                                      0.155     6.965 r  dout_data_reg[15]_i_20/O[3]
                         net (fo=2, unplaced)         0.457     7.422    w_udp_sum_f2[7]
                         LUT4 (Prop_lut4_I0_O)        0.120     7.542 r  dout_data[15]_i_11/O
                         net (fo=2, unplaced)         0.418     7.960    dout_data[15]_i_11_n_0
                         LUT5 (Prop_lut5_I4_O)        0.043     8.003 r  dout_data[15]_i_3/O
                         net (fo=15, unplaced)        0.295     8.298    u_tx_data_fifo/dout_data_reg[15]
                         LUT6 (Prop_lut6_I1_O)        0.043     8.341 r  u_tx_data_fifo/dout_data[13]_i_1/O
                         net (fo=1, unplaced)         0.000     8.341    p_0_out[13]
                         FDCE                                         r  dout_data_reg[13]/D
  -------------------------------------------------------------------    -------------------

                         (clock clk rise edge)       10.000    10.000 r  
                                                      0.000    10.000 r  clk (IN)
                         net (fo=181, unset)          0.510    10.510    clk
                         FDCE                                         r  dout_data_reg[13]/C
                         clock pessimism              0.000    10.510    
                         clock uncertainty           -0.535     9.975    
                         FDCE (Setup_fdce_C_D)        0.036    10.011    dout_data_reg[13]
  -------------------------------------------------------------------
                         required time                         10.011    
                         arrival time                          -8.341    
  -------------------------------------------------------------------
                         slack                                  1.670    

Slack (MET) :             1.670ns  (required time - arrival time)
  Source:                 u_tx_message_fifo/rd_ptr_reg[0]/C
                            (rising edge-triggered cell FDRE clocked by clk  {rise@0.000ns fall@5.000ns period=10.000ns})
  Destination:            dout_data_reg[14]/D
                            (rising edge-triggered cell FDCE clocked by clk  {rise@0.000ns fall@5.000ns period=10.000ns})
  Path Group:             clk
  Path Type:              Setup (Max at Slow Process Corner)
  Requirement:            10.000ns  (clk rise@10.000ns - clk rise@0.000ns)
  Data Path Delay:        7.804ns  (logic 2.912ns (37.314%)  route 4.892ns (62.686%))
  Logic Levels:           20  (CARRY4=12 LUT2=2 LUT3=1 LUT4=1 LUT5=1 LUT6=2 RAMD32=1)
  Clock Path Skew:        -0.027ns (DCD - SCD + CPR)
    Destination Clock Delay (DCD):    0.510ns = ( 10.510 - 10.000 ) 
    Source Clock Delay      (SCD):    0.537ns
    Clock Pessimism Removal (CPR):    0.000ns
  Clock Uncertainty:      0.535ns  ((TSJ^2 + TIJ^2)^1/2 + DJ) / 2 + PE + UU
    Total System Jitter     (TSJ):    0.071ns
    Total Input Jitter      (TIJ):    0.000ns
    Discrete Jitter          (DJ):    0.000ns
    Phase Error              (PE):    0.000ns
    User Uncertainty         (UU):    0.500ns

    Location             Delay type                Incr(ns)  Path(ns)    Netlist Resource(s)
  -------------------------------------------------------------------    -------------------
                         (clock clk rise edge)        0.000     0.000 r  
                                                      0.000     0.000 r  clk (IN)
                         net (fo=181, unset)          0.537     0.537    u_tx_message_fifo/clk
                         FDRE                                         r  u_tx_message_fifo/rd_ptr_reg[0]/C
  -------------------------------------------------------------------    -------------------
                         FDRE (Prop_fdre_C_Q)         0.223     0.760 r  u_tx_message_fifo/rd_ptr_reg[0]/Q
                         net (fo=42, unplaced)        0.605     1.365    u_tx_message_fifo/mem_reg_0_15_18_23/ADDRA0
                         RAMD32 (Prop_ramd32_RADR0_O)
                                                      0.123     1.488 r  u_tx_message_fifo/mem_reg_0_15_18_23/RAMA_D1/O
                         net (fo=4, unplaced)         0.521     2.009    u_tx_message_fifo/p_0_in[3]
                         CARRY4 (Prop_carry4_DI[1]_CO[3])
                                                      0.250     2.259 r  u_tx_message_fifo/dout_data_reg[5]_i_9/CO[3]
                         net (fo=1, unplaced)         0.000     2.259    u_tx_message_fifo/dout_data_reg[5]_i_9_n_0
                         CARRY4 (Prop_carry4_CI_O[2])
                                                      0.119     2.378 r  u_tx_message_fifo/dout_data_reg[11]_i_15/O[2]
                         net (fo=6, unplaced)         0.302     2.680    data32[8]
                         LUT3 (Prop_lut3_I1_O)        0.127     2.807 r  dout_data[11]_i_65/O
                         net (fo=1, unplaced)         0.497     3.304    u_tx_message_fifo/dout_data[11]_i_28[1]
                         CARRY4 (Prop_carry4_DI[1]_CO[3])
                                                      0.250     3.554 r  u_tx_message_fifo/dout_data_reg[11]_i_38/CO[3]
                         net (fo=1, unplaced)         0.000     3.554    u_tx_message_fifo/dout_data_reg[11]_i_38_n_0
                         CARRY4 (Prop_carry4_CI_O[3])
                                                      0.155     3.709 r  u_tx_message_fifo/dout_data_reg[15]_i_81/O[3]
                         net (fo=4, unplaced)         0.470     4.179    u_tx_message_fifo_n_95
                         LUT6 (Prop_lut6_I0_O)        0.120     4.299 r  dout_data[15]_i_99/O
                         net (fo=2, unplaced)         0.508     4.807    u_tx_message_fifo/dout_data[15]_i_44_1[1]
                         CARRY4 (Prop_carry4_DI[1]_CO[3])
                                                      0.250     5.057 r  u_tx_message_fifo/dout_data_reg[15]_i_64/CO[3]
                         net (fo=1, unplaced)         0.628     5.685    u_tx_message_fifo/dout_data_reg[15]_i_64_n_0
                         LUT2 (Prop_lut2_I1_O)        0.043     5.728 r  u_tx_message_fifo/dout_data[15]_i_41/O
                         net (fo=1, unplaced)         0.000     5.728    u_tx_message_fifo/dout_data[15]_i_41_n_0
                         CARRY4 (Prop_carry4_S[3]_CO[3])
                                                      0.193     5.921 r  u_tx_message_fifo/dout_data_reg[15]_i_33/CO[3]
                         net (fo=1, unplaced)         0.000     5.921    u_tx_message_fifo/dout_data_reg[15]_i_33_n_0
                         CARRY4 (Prop_carry4_CI_CO[3])
                                                      0.053     5.974 r  u_tx_message_fifo/dout_data_reg[15]_i_35/CO[3]
                         net (fo=1, unplaced)         0.000     5.974    u_tx_message_fifo/dout_data_reg[15]_i_35_n_0
                         CARRY4 (Prop_carry4_CI_CO[3])
                                                      0.053     6.027 r  u_tx_message_fifo/dout_data_reg[11]_i_17/CO[3]
                         net (fo=1, unplaced)         0.000     6.027    u_tx_message_fifo/dout_data_reg[11]_i_17_n_0
                         CARRY4 (Prop_carry4_CI_CO[3])
                                                      0.053     6.080 r  u_tx_message_fifo/dout_data_reg[15]_i_32/CO[3]
                         net (fo=1, unplaced)         0.000     6.080    u_tx_message_fifo/dout_data_reg[15]_i_32_n_0
                         CARRY4 (Prop_carry4_CI_CO[0])
                                                      0.152     6.232 r  u_tx_message_fifo/dout_data_reg[15]_i_45/CO[0]
                         net (fo=1, unplaced)         0.191     6.423    u_tx_message_fifo_n_117
                         LUT2 (Prop_lut2_I1_O)        0.128     6.551 r  dout_data[15]_i_34/O
                         net (fo=1, unplaced)         0.000     6.551    dout_data[15]_i_34_n_0
                         CARRY4 (Prop_carry4_S[0]_CO[3])
                                                      0.259     6.810 r  dout_data_reg[15]_i_19/CO[3]
                         net (fo=1, unplaced)         0.000     6.810    dout_data_reg[15]_i_19_n_0
                         CARRY4 (Prop_carry4_CI_O[3])
                                                      0.155     6.965 r  dout_data_reg[15]_i_20/O[3]
                         net (fo=2, unplaced)         0.457     7.422    w_udp_sum_f2[7]
                         LUT4 (Prop_lut4_I0_O)        0.120     7.542 r  dout_data[15]_i_11/O
                         net (fo=2, unplaced)         0.418     7.960    dout_data[15]_i_11_n_0
                         LUT5 (Prop_lut5_I4_O)        0.043     8.003 r  dout_data[15]_i_3/O
                         net (fo=15, unplaced)        0.295     8.298    u_tx_data_fifo/dout_data_reg[15]
                         LUT6 (Prop_lut6_I1_O)        0.043     8.341 r  u_tx_data_fifo/dout_data[14]_i_1/O
                         net (fo=1, unplaced)         0.000     8.341    p_0_out[14]
                         FDCE                                         r  dout_data_reg[14]/D
  -------------------------------------------------------------------    -------------------

                         (clock clk rise edge)       10.000    10.000 r  
                                                      0.000    10.000 r  clk (IN)
                         net (fo=181, unset)          0.510    10.510    clk
                         FDCE                                         r  dout_data_reg[14]/C
                         clock pessimism              0.000    10.510    
                         clock uncertainty           -0.535     9.975    
                         FDCE (Setup_fdce_C_D)        0.036    10.011    dout_data_reg[14]
  -------------------------------------------------------------------
                         required time                         10.011    
                         arrival time                          -8.341    
  -------------------------------------------------------------------
                         slack                                  1.670    

Slack (MET) :             1.670ns  (required time - arrival time)
  Source:                 u_tx_message_fifo/rd_ptr_reg[0]/C
                            (rising edge-triggered cell FDRE clocked by clk  {rise@0.000ns fall@5.000ns period=10.000ns})
  Destination:            dout_data_reg[15]/D
                            (rising edge-triggered cell FDCE clocked by clk  {rise@0.000ns fall@5.000ns period=10.000ns})
  Path Group:             clk
  Path Type:              Setup (Max at Slow Process Corner)
  Requirement:            10.000ns  (clk rise@10.000ns - clk rise@0.000ns)
  Data Path Delay:        7.804ns  (logic 2.912ns (37.314%)  route 4.892ns (62.686%))
  Logic Levels:           20  (CARRY4=12 LUT2=2 LUT3=1 LUT4=1 LUT5=1 LUT6=2 RAMD32=1)
  Clock Path Skew:        -0.027ns (DCD - SCD + CPR)
    Destination Clock Delay (DCD):    0.510ns = ( 10.510 - 10.000 ) 
    Source Clock Delay      (SCD):    0.537ns
    Clock Pessimism Removal (CPR):    0.000ns
  Clock Uncertainty:      0.535ns  ((TSJ^2 + TIJ^2)^1/2 + DJ) / 2 + PE + UU
    Total System Jitter     (TSJ):    0.071ns
    Total Input Jitter      (TIJ):    0.000ns
    Discrete Jitter          (DJ):    0.000ns
    Phase Error              (PE):    0.000ns
    User Uncertainty         (UU):    0.500ns

    Location             Delay type                Incr(ns)  Path(ns)    Netlist Resource(s)
  -------------------------------------------------------------------    -------------------
                         (clock clk rise edge)        0.000     0.000 r  
                                                      0.000     0.000 r  clk (IN)
                         net (fo=181, unset)          0.537     0.537    u_tx_message_fifo/clk
                         FDRE                                         r  u_tx_message_fifo/rd_ptr_reg[0]/C
  -------------------------------------------------------------------    -------------------
                         FDRE (Prop_fdre_C_Q)         0.223     0.760 r  u_tx_message_fifo/rd_ptr_reg[0]/Q
                         net (fo=42, unplaced)        0.605     1.365    u_tx_message_fifo/mem_reg_0_15_18_23/ADDRA0
                         RAMD32 (Prop_ramd32_RADR0_O)
                                                      0.123     1.488 r  u_tx_message_fifo/mem_reg_0_15_18_23/RAMA_D1/O
                         net (fo=4, unplaced)         0.521     2.009    u_tx_message_fifo/p_0_in[3]
                         CARRY4 (Prop_carry4_DI[1]_CO[3])
                                                      0.250     2.259 r  u_tx_message_fifo/dout_data_reg[5]_i_9/CO[3]
                         net (fo=1, unplaced)         0.000     2.259    u_tx_message_fifo/dout_data_reg[5]_i_9_n_0
                         CARRY4 (Prop_carry4_CI_O[2])
                                                      0.119     2.378 r  u_tx_message_fifo/dout_data_reg[11]_i_15/O[2]
                         net (fo=6, unplaced)         0.302     2.680    data32[8]
                         LUT3 (Prop_lut3_I1_O)        0.127     2.807 r  dout_data[11]_i_65/O
                         net (fo=1, unplaced)         0.497     3.304    u_tx_message_fifo/dout_data[11]_i_28[1]
                         CARRY4 (Prop_carry4_DI[1]_CO[3])
                                                      0.250     3.554 r  u_tx_message_fifo/dout_data_reg[11]_i_38/CO[3]
                         net (fo=1, unplaced)         0.000     3.554    u_tx_message_fifo/dout_data_reg[11]_i_38_n_0
                         CARRY4 (Prop_carry4_CI_O[3])
                                                      0.155     3.709 r  u_tx_message_fifo/dout_data_reg[15]_i_81/O[3]
                         net (fo=4, unplaced)         0.470     4.179    u_tx_message_fifo_n_95
                         LUT6 (Prop_lut6_I0_O)        0.120     4.299 r  dout_data[15]_i_99/O
                         net (fo=2, unplaced)         0.508     4.807    u_tx_message_fifo/dout_data[15]_i_44_1[1]
                         CARRY4 (Prop_carry4_DI[1]_CO[3])
                                                      0.250     5.057 r  u_tx_message_fifo/dout_data_reg[15]_i_64/CO[3]
                         net (fo=1, unplaced)         0.628     5.685    u_tx_message_fifo/dout_data_reg[15]_i_64_n_0
                         LUT2 (Prop_lut2_I1_O)        0.043     5.728 r  u_tx_message_fifo/dout_data[15]_i_41/O
                         net (fo=1, unplaced)         0.000     5.728    u_tx_message_fifo/dout_data[15]_i_41_n_0
                         CARRY4 (Prop_carry4_S[3]_CO[3])
                                                      0.193     5.921 r  u_tx_message_fifo/dout_data_reg[15]_i_33/CO[3]
                         net (fo=1, unplaced)         0.000     5.921    u_tx_message_fifo/dout_data_reg[15]_i_33_n_0
                         CARRY4 (Prop_carry4_CI_CO[3])
                                                      0.053     5.974 r  u_tx_message_fifo/dout_data_reg[15]_i_35/CO[3]
                         net (fo=1, unplaced)         0.000     5.974    u_tx_message_fifo/dout_data_reg[15]_i_35_n_0
                         CARRY4 (Prop_carry4_CI_CO[3])
                                                      0.053     6.027 r  u_tx_message_fifo/dout_data_reg[11]_i_17/CO[3]
                         net (fo=1, unplaced)         0.000     6.027    u_tx_message_fifo/dout_data_reg[11]_i_17_n_0
                         CARRY4 (Prop_carry4_CI_CO[3])
                                                      0.053     6.080 r  u_tx_message_fifo/dout_data_reg[15]_i_32/CO[3]
                         net (fo=1, unplaced)         0.000     6.080    u_tx_message_fifo/dout_data_reg[15]_i_32_n_0
                         CARRY4 (Prop_carry4_CI_CO[0])
                                                      0.152     6.232 r  u_tx_message_fifo/dout_data_reg[15]_i_45/CO[0]
                         net (fo=1, unplaced)         0.191     6.423    u_tx_message_fifo_n_117
                         LUT2 (Prop_lut2_I1_O)        0.128     6.551 r  dout_data[15]_i_34/O
                         net (fo=1, unplaced)         0.000     6.551    dout_data[15]_i_34_n_0
                         CARRY4 (Prop_carry4_S[0]_CO[3])
                                                      0.259     6.810 r  dout_data_reg[15]_i_19/CO[3]
                         net (fo=1, unplaced)         0.000     6.810    dout_data_reg[15]_i_19_n_0
                         CARRY4 (Prop_carry4_CI_O[3])
                                                      0.155     6.965 r  dout_data_reg[15]_i_20/O[3]
                         net (fo=2, unplaced)         0.457     7.422    w_udp_sum_f2[7]
                         LUT4 (Prop_lut4_I0_O)        0.120     7.542 r  dout_data[15]_i_11/O
                         net (fo=2, unplaced)         0.418     7.960    dout_data[15]_i_11_n_0
                         LUT5 (Prop_lut5_I4_O)        0.043     8.003 r  dout_data[15]_i_3/O
                         net (fo=15, unplaced)        0.295     8.298    u_tx_data_fifo/dout_data_reg[15]
                         LUT6 (Prop_lut6_I1_O)        0.043     8.341 r  u_tx_data_fifo/dout_data[15]_i_2/O
                         net (fo=1, unplaced)         0.000     8.341    p_0_out[15]
                         FDCE                                         r  dout_data_reg[15]/D
  -------------------------------------------------------------------    -------------------

                         (clock clk rise edge)       10.000    10.000 r  
                                                      0.000    10.000 r  clk (IN)
                         net (fo=181, unset)          0.510    10.510    clk
                         FDCE                                         r  dout_data_reg[15]/C
                         clock pessimism              0.000    10.510    
                         clock uncertainty           -0.535     9.975    
                         FDCE (Setup_fdce_C_D)        0.036    10.011    dout_data_reg[15]
  -------------------------------------------------------------------
                         required time                         10.011    
                         arrival time                          -8.341    
  -------------------------------------------------------------------
                         slack                                  1.670    

Slack (MET) :             1.695ns  (required time - arrival time)
  Source:                 u_tx_message_fifo/rd_ptr_reg[0]/C
                            (rising edge-triggered cell FDRE clocked by clk  {rise@0.000ns fall@5.000ns period=10.000ns})
  Destination:            dout_data_reg[11]/D
                            (rising edge-triggered cell FDCE clocked by clk  {rise@0.000ns fall@5.000ns period=10.000ns})
  Path Group:             clk
  Path Type:              Setup (Max at Slow Process Corner)
  Requirement:            10.000ns  (clk rise@10.000ns - clk rise@0.000ns)
  Data Path Delay:        7.779ns  (logic 2.912ns (37.434%)  route 4.867ns (62.566%))
  Logic Levels:           20  (CARRY4=12 LUT2=2 LUT3=1 LUT4=1 LUT6=3 RAMD32=1)
  Clock Path Skew:        -0.027ns (DCD - SCD + CPR)
    Destination Clock Delay (DCD):    0.510ns = ( 10.510 - 10.000 ) 
    Source Clock Delay      (SCD):    0.537ns
    Clock Pessimism Removal (CPR):    0.000ns
  Clock Uncertainty:      0.535ns  ((TSJ^2 + TIJ^2)^1/2 + DJ) / 2 + PE + UU
    Total System Jitter     (TSJ):    0.071ns
    Total Input Jitter      (TIJ):    0.000ns
    Discrete Jitter          (DJ):    0.000ns
    Phase Error              (PE):    0.000ns
    User Uncertainty         (UU):    0.500ns

    Location             Delay type                Incr(ns)  Path(ns)    Netlist Resource(s)
  -------------------------------------------------------------------    -------------------
                         (clock clk rise edge)        0.000     0.000 r  
                                                      0.000     0.000 r  clk (IN)
                         net (fo=181, unset)          0.537     0.537    u_tx_message_fifo/clk
                         FDRE                                         r  u_tx_message_fifo/rd_ptr_reg[0]/C
  -------------------------------------------------------------------    -------------------
                         FDRE (Prop_fdre_C_Q)         0.223     0.760 r  u_tx_message_fifo/rd_ptr_reg[0]/Q
                         net (fo=42, unplaced)        0.605     1.365    u_tx_message_fifo/mem_reg_0_15_18_23/ADDRA0
                         RAMD32 (Prop_ramd32_RADR0_O)
                                                      0.123     1.488 r  u_tx_message_fifo/mem_reg_0_15_18_23/RAMA_D1/O
                         net (fo=4, unplaced)         0.521     2.009    u_tx_message_fifo/p_0_in[3]
                         CARRY4 (Prop_carry4_DI[1]_CO[3])
                                                      0.250     2.259 r  u_tx_message_fifo/dout_data_reg[5]_i_9/CO[3]
                         net (fo=1, unplaced)         0.000     2.259    u_tx_message_fifo/dout_data_reg[5]_i_9_n_0
                         CARRY4 (Prop_carry4_CI_O[2])
                                                      0.119     2.378 r  u_tx_message_fifo/dout_data_reg[11]_i_15/O[2]
                         net (fo=6, unplaced)         0.302     2.680    data32[8]
                         LUT3 (Prop_lut3_I1_O)        0.127     2.807 r  dout_data[11]_i_65/O
                         net (fo=1, unplaced)         0.497     3.304    u_tx_message_fifo/dout_data[11]_i_28[1]
                         CARRY4 (Prop_carry4_DI[1]_CO[3])
                                                      0.250     3.554 r  u_tx_message_fifo/dout_data_reg[11]_i_38/CO[3]
                         net (fo=1, unplaced)         0.000     3.554    u_tx_message_fifo/dout_data_reg[11]_i_38_n_0
                         CARRY4 (Prop_carry4_CI_O[3])
                                                      0.155     3.709 r  u_tx_message_fifo/dout_data_reg[15]_i_81/O[3]
                         net (fo=4, unplaced)         0.470     4.179    u_tx_message_fifo_n_95
                         LUT6 (Prop_lut6_I0_O)        0.120     4.299 r  dout_data[15]_i_99/O
                         net (fo=2, unplaced)         0.508     4.807    u_tx_message_fifo/dout_data[15]_i_44_1[1]
                         CARRY4 (Prop_carry4_DI[1]_CO[3])
                                                      0.250     5.057 r  u_tx_message_fifo/dout_data_reg[15]_i_64/CO[3]
                         net (fo=1, unplaced)         0.628     5.685    u_tx_message_fifo/dout_data_reg[15]_i_64_n_0
                         LUT2 (Prop_lut2_I1_O)        0.043     5.728 r  u_tx_message_fifo/dout_data[15]_i_41/O
                         net (fo=1, unplaced)         0.000     5.728    u_tx_message_fifo/dout_data[15]_i_41_n_0
                         CARRY4 (Prop_carry4_S[3]_CO[3])
                                                      0.193     5.921 r  u_tx_message_fifo/dout_data_reg[15]_i_33/CO[3]
                         net (fo=1, unplaced)         0.000     5.921    u_tx_message_fifo/dout_data_reg[15]_i_33_n_0
                         CARRY4 (Prop_carry4_CI_CO[3])
                                                      0.053     5.974 r  u_tx_message_fifo/dout_data_reg[15]_i_35/CO[3]
                         net (fo=1, unplaced)         0.000     5.974    u_tx_message_fifo/dout_data_reg[15]_i_35_n_0
                         CARRY4 (Prop_carry4_CI_CO[3])
                                                      0.053     6.027 r  u_tx_message_fifo/dout_data_reg[11]_i_17/CO[3]
                         net (fo=1, unplaced)         0.000     6.027    u_tx_message_fifo/dout_data_reg[11]_i_17_n_0
                         CARRY4 (Prop_carry4_CI_CO[3])
                                                      0.053     6.080 r  u_tx_message_fifo/dout_data_reg[15]_i_32/CO[3]
                         net (fo=1, unplaced)         0.000     6.080    u_tx_message_fifo/dout_data_reg[15]_i_32_n_0
                         CARRY4 (Prop_carry4_CI_CO[0])
                                                      0.152     6.232 r  u_tx_message_fifo/dout_data_reg[15]_i_45/CO[0]
                         net (fo=1, unplaced)         0.191     6.423    u_tx_message_fifo_n_117
                         LUT2 (Prop_lut2_I1_O)        0.128     6.551 r  dout_data[15]_i_34/O
                         net (fo=1, unplaced)         0.000     6.551    dout_data[15]_i_34_n_0
                         CARRY4 (Prop_carry4_S[0]_CO[3])
                                                      0.259     6.810 r  dout_data_reg[15]_i_19/CO[3]
                         net (fo=1, unplaced)         0.000     6.810    dout_data_reg[15]_i_19_n_0
                         CARRY4 (Prop_carry4_CI_O[3])
                                                      0.155     6.965 r  dout_data_reg[15]_i_20/O[3]
                         net (fo=2, unplaced)         0.457     7.422    w_udp_sum_f2[7]
                         LUT4 (Prop_lut4_I0_O)        0.120     7.542 r  dout_data[15]_i_11/O
                         net (fo=2, unplaced)         0.418     7.960    dout_data[15]_i_11_n_0
                         LUT6 (Prop_lut6_I1_O)        0.043     8.003 r  dout_data[11]_i_4/O
                         net (fo=1, unplaced)         0.270     8.273    u_tx_data_fifo/dout_data_reg[11]_1
                         LUT6 (Prop_lut6_I3_O)        0.043     8.316 r  u_tx_data_fifo/dout_data[11]_i_1/O
                         net (fo=1, unplaced)         0.000     8.316    p_0_out[11]
                         FDCE                                         r  dout_data_reg[11]/D
  -------------------------------------------------------------------    -------------------

                         (clock clk rise edge)       10.000    10.000 r  
                                                      0.000    10.000 r  clk (IN)
                         net (fo=181, unset)          0.510    10.510    clk
                         FDCE                                         r  dout_data_reg[11]/C
                         clock pessimism              0.000    10.510    
                         clock uncertainty           -0.535     9.975    
                         FDCE (Setup_fdce_C_D)        0.036    10.011    dout_data_reg[11]
  -------------------------------------------------------------------
                         required time                         10.011    
                         arrival time                          -8.316    
  -------------------------------------------------------------------
                         slack                                  1.695    

Slack (MET) :             6.325ns  (required time - arrival time)
  Source:                 r_check_res_reg[3]/C
                            (rising edge-triggered cell FDCE clocked by clk  {rise@0.000ns fall@5.000ns period=10.000ns})
  Destination:            u_tx_message_fifo/mem_reg_0_15_12_17/RAMB_D1/I
                            (rising edge-triggered cell RAMD32 clocked by clk  {rise@0.000ns fall@5.000ns period=10.000ns})
  Path Group:             clk
  Path Type:              Setup (Max at Slow Process Corner)
  Requirement:            10.000ns  (clk rise@10.000ns - clk rise@0.000ns)
  Data Path Delay:        2.978ns  (logic 1.381ns (46.373%)  route 1.597ns (53.627%))
  Logic Levels:           6  (CARRY4=5 LUT5=1)
  Clock Path Skew:        -0.027ns (DCD - SCD + CPR)
    Destination Clock Delay (DCD):    0.510ns = ( 10.510 - 10.000 ) 
    Source Clock Delay      (SCD):    0.537ns
    Clock Pessimism Removal (CPR):    0.000ns
  Clock Uncertainty:      0.535ns  ((TSJ^2 + TIJ^2)^1/2 + DJ) / 2 + PE + UU
    Total System Jitter     (TSJ):    0.071ns
    Total Input Jitter      (TIJ):    0.000ns
    Discrete Jitter          (DJ):    0.000ns
    Phase Error              (PE):    0.000ns
    User Uncertainty         (UU):    0.500ns

    Location             Delay type                Incr(ns)  Path(ns)    Netlist Resource(s)
  -------------------------------------------------------------------    -------------------
                         (clock clk rise edge)        0.000     0.000 r  
                                                      0.000     0.000 r  clk (IN)
                         net (fo=181, unset)          0.537     0.537    clk
                         FDCE                                         r  r_check_res_reg[3]/C
  -------------------------------------------------------------------    -------------------
                         FDCE (Prop_fdce_C_Q)         0.223     0.760 r  r_check_res_reg[3]/Q
                         net (fo=3, unplaced)         0.514     1.274    r_check_res[3]
                         CARRY4 (Prop_carry4_DI[3]_CO[3])
                                                      0.270     1.544 r  r_check_res_reg[3]_i_3/CO[3]
                         net (fo=1, unplaced)         0.000     1.544    r_check_res_reg[3]_i_3_n_0
                         CARRY4 (Prop_carry4_CI_CO[3])
                                                      0.053     1.597 r  r_check_res_reg[7]_i_3/CO[3]
                         net (fo=1, unplaced)         0.000     1.597    r_check_res_reg[7]_i_3_n_0
                         CARRY4 (Prop_carry4_CI_O[1])
                                                      0.173     1.770 r  r_check_res_reg[11]_i_3/O[1]
                         net (fo=1, unplaced)         0.386     2.156    u_tx_message_fifo/r_check_res_reg[11][1]
                         CARRY4 (Prop_carry4_S[1]_CO[3])
                                                      0.387     2.543 r  u_tx_message_fifo/r_check_res_reg[11]_i_2/CO[3]
                         net (fo=1, unplaced)         0.000     2.543    u_tx_message_fifo/r_check_res_reg[11]_i_2_n_0
                         CARRY4 (Prop_carry4_CI_O[3])
                                                      0.155     2.698 r  u_tx_message_fifo/r_check_res_reg[15]_i_2/O[3]
                         net (fo=1, unplaced)         0.494     3.192    u_tx_message_fifo/r_check_res_tmp0[15]
                         LUT5 (Prop_lut5_I1_O)        0.120     3.312 r  u_tx_message_fifo/r_check_res[15]_i_1/O
                         net (fo=2, unplaced)         0.203     3.515    u_tx_message_fifo/mem_reg_0_15_12_17/DIB1
                         RAMD32                                       r  u_tx_message_fifo/mem_reg_0_15_12_17/RAMB_D1/I
  -------------------------------------------------------------------    -------------------

                         (clock clk rise edge)       10.000    10.000 r  
                                                      0.000    10.000 r  clk (IN)
                         net (fo=181, unset)          0.510    10.510    u_tx_message_fifo/mem_reg_0_15_12_17/WCLK
                         RAMD32                                       r  u_tx_message_fifo/mem_reg_0_15_12_17/RAMB_D1/CLK
                         clock pessimism              0.000    10.510    
                         clock uncertainty           -0.535     9.975    
                         RAMD32 (Setup_ramd32_CLK_I)
                                                     -0.135     9.840    u_tx_message_fifo/mem_reg_0_15_12_17/RAMB_D1
  -------------------------------------------------------------------
                         required time                          9.840    
                         arrival time                          -3.515    
  -------------------------------------------------------------------
                         slack                                  6.325    

Slack (MET) :             6.366ns  (required time - arrival time)
  Source:                 r_check_res_reg[3]/C
                            (rising edge-triggered cell FDCE clocked by clk  {rise@0.000ns fall@5.000ns period=10.000ns})
  Destination:            u_tx_message_fifo/mem_reg_0_15_6_11/RAMC_D1/I
                            (rising edge-triggered cell RAMD32 clocked by clk  {rise@0.000ns fall@5.000ns period=10.000ns})
  Path Group:             clk
  Path Type:              Setup (Max at Slow Process Corner)
  Requirement:            10.000ns  (clk rise@10.000ns - clk rise@0.000ns)
  Data Path Delay:        2.925ns  (logic 1.328ns (45.402%)  route 1.597ns (54.598%))
  Logic Levels:           5  (CARRY4=4 LUT5=1)
  Clock Path Skew:        -0.027ns (DCD - SCD + CPR)
    Destination Clock Delay (DCD):    0.510ns = ( 10.510 - 10.000 ) 
    Source Clock Delay      (SCD):    0.537ns
    Clock Pessimism Removal (CPR):    0.000ns
  Clock Uncertainty:      0.535ns  ((TSJ^2 + TIJ^2)^1/2 + DJ) / 2 + PE + UU
    Total System Jitter     (TSJ):    0.071ns
    Total Input Jitter      (TIJ):    0.000ns
    Discrete Jitter          (DJ):    0.000ns
    Phase Error              (PE):    0.000ns
    User Uncertainty         (UU):    0.500ns

    Location             Delay type                Incr(ns)  Path(ns)    Netlist Resource(s)
  -------------------------------------------------------------------    -------------------
                         (clock clk rise edge)        0.000     0.000 r  
                                                      0.000     0.000 r  clk (IN)
                         net (fo=181, unset)          0.537     0.537    clk
                         FDCE                                         r  r_check_res_reg[3]/C
  -------------------------------------------------------------------    -------------------
                         FDCE (Prop_fdce_C_Q)         0.223     0.760 r  r_check_res_reg[3]/Q
                         net (fo=3, unplaced)         0.514     1.274    r_check_res[3]
                         CARRY4 (Prop_carry4_DI[3]_CO[3])
                                                      0.270     1.544 r  r_check_res_reg[3]_i_3/CO[3]
                         net (fo=1, unplaced)         0.000     1.544    r_check_res_reg[3]_i_3_n_0
                         CARRY4 (Prop_carry4_CI_O[1])
                                                      0.173     1.717 r  r_check_res_reg[7]_i_3/O[1]
                         net (fo=1, unplaced)         0.386     2.103    u_tx_message_fifo/r_check_res_reg[7][1]
                         CARRY4 (Prop_carry4_S[1]_CO[3])
                                                      0.387     2.490 r  u_tx_message_fifo/r_check_res_reg[7]_i_2/CO[3]
                         net (fo=1, unplaced)         0.000     2.490    u_tx_message_fifo/r_check_res_reg[7]_i_2_n_0
                         CARRY4 (Prop_carry4_CI_O[3])
                                                      0.155     2.645 r  u_tx_message_fifo/r_check_res_reg[11]_i_2/O[3]
                         net (fo=1, unplaced)         0.494     3.139    u_tx_message_fifo/r_check_res_tmp0[11]
                         LUT5 (Prop_lut5_I1_O)        0.120     3.259 r  u_tx_message_fifo/r_check_res[11]_i_1/O
                         net (fo=2, unplaced)         0.203     3.462    u_tx_message_fifo/mem_reg_0_15_6_11/DIC1
                         RAMD32                                       r  u_tx_message_fifo/mem_reg_0_15_6_11/RAMC_D1/I
  -------------------------------------------------------------------    -------------------

                         (clock clk rise edge)       10.000    10.000 r  
                                                      0.000    10.000 r  clk (IN)
                         net (fo=181, unset)          0.510    10.510    u_tx_message_fifo/mem_reg_0_15_6_11/WCLK
                         RAMD32                                       r  u_tx_message_fifo/mem_reg_0_15_6_11/RAMC_D1/CLK
                         clock pessimism              0.000    10.510    
                         clock uncertainty           -0.535     9.975    
                         RAMD32 (Setup_ramd32_CLK_I)
                                                     -0.147     9.828    u_tx_message_fifo/mem_reg_0_15_6_11/RAMC_D1
  -------------------------------------------------------------------
                         required time                          9.828    
                         arrival time                          -3.462    
  -------------------------------------------------------------------
                         slack                                  6.366    

Slack (MET) :             6.430ns  (required time - arrival time)
  Source:                 r_check_res_reg[3]/C
                            (rising edge-triggered cell FDCE clocked by clk  {rise@0.000ns fall@5.000ns period=10.000ns})
  Destination:            u_tx_message_fifo/mem_reg_0_15_6_11/RAMA_D1/I
                            (rising edge-triggered cell RAMD32 clocked by clk  {rise@0.000ns fall@5.000ns period=10.000ns})
  Path Group:             clk
  Path Type:              Setup (Max at Slow Process Corner)
  Requirement:            10.000ns  (clk rise@10.000ns - clk rise@0.000ns)
  Data Path Delay:        2.868ns  (logic 1.466ns (51.116%)  route 1.402ns (48.884%))
  Logic Levels:           9  (CARRY4=7 LUT2=1 LUT5=1)
  Clock Path Skew:        -0.027ns (DCD - SCD + CPR)
    Destination Clock Delay (DCD):    0.510ns = ( 10.510 - 10.000 ) 
    Source Clock Delay      (SCD):    0.537ns
    Clock Pessimism Removal (CPR):    0.000ns
  Clock Uncertainty:      0.535ns  ((TSJ^2 + TIJ^2)^1/2 + DJ) / 2 + PE + UU
    Total System Jitter     (TSJ):    0.071ns
    Total Input Jitter      (TIJ):    0.000ns
    Discrete Jitter          (DJ):    0.000ns
    Phase Error              (PE):    0.000ns
    User Uncertainty         (UU):    0.500ns

    Location             Delay type                Incr(ns)  Path(ns)    Netlist Resource(s)
  -------------------------------------------------------------------    -------------------
                         (clock clk rise edge)        0.000     0.000 r  
                                                      0.000     0.000 r  clk (IN)
                         net (fo=181, unset)          0.537     0.537    clk
                         FDCE                                         r  r_check_res_reg[3]/C
  -------------------------------------------------------------------    -------------------
                         FDCE (Prop_fdce_C_Q)         0.223     0.760 r  r_check_res_reg[3]/Q
                         net (fo=3, unplaced)         0.514     1.274    r_check_res[3]
                         CARRY4 (Prop_carry4_DI[3]_CO[3])
                                                      0.270     1.544 r  r_check_res_reg[3]_i_3/CO[3]
                         net (fo=1, unplaced)         0.000     1.544    r_check_res_reg[3]_i_3_n_0
                         CARRY4 (Prop_carry4_CI_CO[3])
                                                      0.053     1.597 r  r_check_res_reg[7]_i_3/CO[3]
                         net (fo=1, unplaced)         0.000     1.597    r_check_res_reg[7]_i_3_n_0
                         CARRY4 (Prop_carry4_CI_CO[3])
                                                      0.053     1.650 r  r_check_res_reg[11]_i_3/CO[3]
                         net (fo=1, unplaced)         0.000     1.650    r_check_res_reg[11]_i_3_n_0
                         CARRY4 (Prop_carry4_CI_CO[3])
                                                      0.053     1.703 r  r_check_res_reg[15]_i_3/CO[3]
                         net (fo=1, unplaced)         0.000     1.703    r_check_res_reg[15]_i_3_n_0
                         CARRY4 (Prop_carry4_CI_CO[0])
                                                      0.152     1.855 r  r_check_res_reg[3]_i_9/CO[0]
                         net (fo=1, unplaced)         0.191     2.046    u_tx_message_fifo/r_check_res_reg[3]_i_2_0[0]
                         LUT2 (Prop_lut2_I1_O)        0.128     2.174 r  u_tx_message_fifo/r_check_res[3]_i_4/O
                         net (fo=1, unplaced)         0.000     2.174    u_tx_message_fifo/r_check_res[3]_i_4_n_0
                         CARRY4 (Prop_carry4_S[0]_CO[3])
                                                      0.259     2.433 r  u_tx_message_fifo/r_check_res_reg[3]_i_2/CO[3]
                         net (fo=1, unplaced)         0.000     2.433    u_tx_message_fifo/r_check_res_reg[3]_i_2_n_0
                         CARRY4 (Prop_carry4_CI_O[3])
                                                      0.155     2.588 r  u_tx_message_fifo/r_check_res_reg[7]_i_2/O[3]
                         net (fo=1, unplaced)         0.494     3.082    u_tx_message_fifo/r_check_res_tmp0[7]
                         LUT5 (Prop_lut5_I1_O)        0.120     3.202 r  u_tx_message_fifo/r_check_res[7]_i_1/O
                         net (fo=2, unplaced)         0.203     3.405    u_tx_message_fifo/mem_reg_0_15_6_11/DIA1
                         RAMD32                                       r  u_tx_message_fifo/mem_reg_0_15_6_11/RAMA_D1/I
  -------------------------------------------------------------------    -------------------

                         (clock clk rise edge)       10.000    10.000 r  
                                                      0.000    10.000 r  clk (IN)
                         net (fo=181, unset)          0.510    10.510    u_tx_message_fifo/mem_reg_0_15_6_11/WCLK
                         RAMD32                                       r  u_tx_message_fifo/mem_reg_0_15_6_11/RAMA_D1/CLK
                         clock pessimism              0.000    10.510    
                         clock uncertainty           -0.535     9.975    
                         RAMD32 (Setup_ramd32_CLK_I)
                                                     -0.140     9.835    u_tx_message_fifo/mem_reg_0_15_6_11/RAMA_D1
  -------------------------------------------------------------------
                         required time                          9.835    
                         arrival time                          -3.405    
  -------------------------------------------------------------------
                         slack                                  6.430    

Slack (MET) :             6.475ns  (required time - arrival time)
  Source:                 r_cnt1_reg[4]/C
                            (rising edge-triggered cell FDCE clocked by clk  {rise@0.000ns fall@5.000ns period=10.000ns})
  Destination:            u_tx_message_fifo/mem_reg_0_15_24_29/RAMC_D1/I
                            (rising edge-triggered cell RAMD32 clocked by clk  {rise@0.000ns fall@5.000ns period=10.000ns})
  Path Group:             clk
  Path Type:              Setup (Max at Slow Process Corner)
  Requirement:            10.000ns  (clk rise@10.000ns - clk rise@0.000ns)
  Data Path Delay:        2.734ns  (logic 1.249ns (45.684%)  route 1.485ns (54.316%))
  Logic Levels:           5  (CARRY4=4 LUT2=1)
  Clock Path Skew:        -0.027ns (DCD - SCD + CPR)
    Destination Clock Delay (DCD):    0.510ns = ( 10.510 - 10.000 ) 
    Source Clock Delay      (SCD):    0.537ns
    Clock Pessimism Removal (CPR):    0.000ns
  Clock Uncertainty:      0.535ns  ((TSJ^2 + TIJ^2)^1/2 + DJ) / 2 + PE + UU
    Total System Jitter     (TSJ):    0.071ns
    Total Input Jitter      (TIJ):    0.000ns
    Discrete Jitter          (DJ):    0.000ns
    Phase Error              (PE):    0.000ns
    User Uncertainty         (UU):    0.500ns

    Location             Delay type                Incr(ns)  Path(ns)    Netlist Resource(s)
  -------------------------------------------------------------------    -------------------
                         (clock clk rise edge)        0.000     0.000 r  
                                                      0.000     0.000 r  clk (IN)
                         net (fo=181, unset)          0.537     0.537    clk
                         FDCE                                         r  r_cnt1_reg[4]/C
  -------------------------------------------------------------------    -------------------
                         FDCE (Prop_fdce_C_Q)         0.223     0.760 r  r_cnt1_reg[4]/Q
                         net (fo=2, unplaced)         0.679     1.439    u_tx_message_fifo/r_cnt1_reg[4]
                         CARRY4 (Prop_carry4_S[3]_CO[3])
                                                      0.311     1.750 r  u_tx_message_fifo/mem_reg_0_15_12_17_i_2/CO[3]
                         net (fo=1, unplaced)         0.000     1.750    u_tx_message_fifo/mem_reg_0_15_12_17_i_2_n_0
                         CARRY4 (Prop_carry4_CI_O[3])
                                                      0.155     1.905 r  u_tx_message_fifo/mem_reg_0_15_18_23_i_2/O[3]
                         net (fo=2, unplaced)         0.505     2.410    u_tx_message_fifo/r_cnt10[8]
                         LUT2 (Prop_lut2_I0_O)        0.120     2.530 r  u_tx_message_fifo/mem_reg_0_15_24_29_i_6/O
                         net (fo=1, unplaced)         0.000     2.530    u_tx_message_fifo/mem_reg_0_15_24_29_i_6_n_0
                         CARRY4 (Prop_carry4_S[1]_CO[3])
                                                      0.267     2.797 r  u_tx_message_fifo/mem_reg_0_15_24_29_i_1/CO[3]
                         net (fo=1, unplaced)         0.000     2.797    u_tx_message_fifo/mem_reg_0_15_24_29_i_1_n_0
                         CARRY4 (Prop_carry4_CI_O[1])
                                                      0.173     2.970 r  u_tx_message_fifo/mem_reg_0_15_24_29_i_2/O[1]
                         net (fo=1, unplaced)         0.301     3.271    u_tx_message_fifo/mem_reg_0_15_24_29/DIC1
                         RAMD32                                       r  u_tx_message_fifo/mem_reg_0_15_24_29/RAMC_D1/I
  -------------------------------------------------------------------    -------------------

                         (clock clk rise edge)       10.000    10.000 r  
                                                      0.000    10.000 r  clk (IN)
                         net (fo=181, unset)          0.510    10.510    u_tx_message_fifo/mem_reg_0_15_24_29/WCLK
                         RAMD32                                       r  u_tx_message_fifo/mem_reg_0_15_24_29/RAMC_D1/CLK
                         clock pessimism              0.000    10.510    
                         clock uncertainty           -0.535     9.975    
                         RAMD32 (Setup_ramd32_CLK_I)
                                                     -0.229     9.746    u_tx_message_fifo/mem_reg_0_15_24_29/RAMC_D1
  -------------------------------------------------------------------
                         required time                          9.746    
                         arrival time                          -3.271    
  -------------------------------------------------------------------
                         slack                                  6.475    

Slack (MET) :             6.506ns  (required time - arrival time)
  Source:                 r_cnt1_reg[4]/C
                            (rising edge-triggered cell FDCE clocked by clk  {rise@0.000ns fall@5.000ns period=10.000ns})
  Destination:            u_tx_message_fifo/mem_reg_0_15_30_31/RAMA_D1/I
                            (rising edge-triggered cell RAMD32 clocked by clk  {rise@0.000ns fall@5.000ns period=10.000ns})
  Path Group:             clk
  Path Type:              Setup (Max at Slow Process Corner)
  Requirement:            10.000ns  (clk rise@10.000ns - clk rise@0.000ns)
  Data Path Delay:        2.715ns  (logic 1.231ns (45.341%)  route 1.484ns (54.659%))
  Logic Levels:           5  (CARRY4=4 LUT2=1)
  Clock Path Skew:        -0.027ns (DCD - SCD + CPR)
    Destination Clock Delay (DCD):    0.510ns = ( 10.510 - 10.000 ) 
    Source Clock Delay      (SCD):    0.537ns
    Clock Pessimism Removal (CPR):    0.000ns
  Clock Uncertainty:      0.535ns  ((TSJ^2 + TIJ^2)^1/2 + DJ) / 2 + PE + UU
    Total System Jitter     (TSJ):    0.071ns
    Total Input Jitter      (TIJ):    0.000ns
    Discrete Jitter          (DJ):    0.000ns
    Phase Error              (PE):    0.000ns
    User Uncertainty         (UU):    0.500ns

    Location             Delay type                Incr(ns)  Path(ns)    Netlist Resource(s)
  -------------------------------------------------------------------    -------------------
                         (clock clk rise edge)        0.000     0.000 r  
                                                      0.000     0.000 r  clk (IN)
                         net (fo=181, unset)          0.537     0.537    clk
                         FDCE                                         r  r_cnt1_reg[4]/C
  -------------------------------------------------------------------    -------------------
                         FDCE (Prop_fdce_C_Q)         0.223     0.760 r  r_cnt1_reg[4]/Q
                         net (fo=2, unplaced)         0.679     1.439    u_tx_message_fifo/r_cnt1_reg[4]
                         CARRY4 (Prop_carry4_S[3]_CO[3])
                                                      0.311     1.750 r  u_tx_message_fifo/mem_reg_0_15_12_17_i_2/CO[3]
                         net (fo=1, unplaced)         0.000     1.750    u_tx_message_fifo/mem_reg_0_15_12_17_i_2_n_0
                         CARRY4 (Prop_carry4_CI_O[3])
                                                      0.155     1.905 r  u_tx_message_fifo/mem_reg_0_15_18_23_i_2/O[3]
                         net (fo=2, unplaced)         0.505     2.410    u_tx_message_fifo/r_cnt10[8]
                         LUT2 (Prop_lut2_I0_O)        0.120     2.530 r  u_tx_message_fifo/mem_reg_0_15_24_29_i_6/O
                         net (fo=1, unplaced)         0.000     2.530    u_tx_message_fifo/mem_reg_0_15_24_29_i_6_n_0
                         CARRY4 (Prop_carry4_S[1]_CO[3])
                                                      0.267     2.797 r  u_tx_message_fifo/mem_reg_0_15_24_29_i_1/CO[3]
                         net (fo=1, unplaced)         0.000     2.797    u_tx_message_fifo/mem_reg_0_15_24_29_i_1_n_0
                         CARRY4 (Prop_carry4_CI_O[3])
                                                      0.155     2.952 r  u_tx_message_fifo/mem_reg_0_15_24_29_i_2/O[3]
                         net (fo=1, unplaced)         0.300     3.252    u_tx_message_fifo/mem_reg_0_15_30_31/DIA1
                         RAMD32                                       r  u_tx_message_fifo/mem_reg_0_15_30_31/RAMA_D1/I
  -------------------------------------------------------------------    -------------------

                         (clock clk rise edge)       10.000    10.000 r  
                                                      0.000    10.000 r  clk (IN)
                         net (fo=181, unset)          0.510    10.510    u_tx_message_fifo/mem_reg_0_15_30_31/WCLK
                         RAMD32                                       r  u_tx_message_fifo/mem_reg_0_15_30_31/RAMA_D1/CLK
                         clock pessimism              0.000    10.510    
                         clock uncertainty           -0.535     9.975    
                         RAMD32 (Setup_ramd32_CLK_I)
                                                     -0.217     9.758    u_tx_message_fifo/mem_reg_0_15_30_31/RAMA_D1
  -------------------------------------------------------------------
                         required time                          9.758    
                         arrival time                          -3.252    
  -------------------------------------------------------------------
                         slack                                  6.506    

Slack (MET) :             6.553ns  (required time - arrival time)
  Source:                 r_check_res_reg[3]/C
                            (rising edge-triggered cell FDCE clocked by clk  {rise@0.000ns fall@5.000ns period=10.000ns})
  Destination:            u_tx_message_fifo/mem_reg_0_15_0_5/RAMB_D1/I
                            (rising edge-triggered cell RAMD32 clocked by clk  {rise@0.000ns fall@5.000ns period=10.000ns})
  Path Group:             clk
  Path Type:              Setup (Max at Slow Process Corner)
  Requirement:            10.000ns  (clk rise@10.000ns - clk rise@0.000ns)
  Data Path Delay:        2.750ns  (logic 1.348ns (49.018%)  route 1.402ns (50.982%))
  Logic Levels:           8  (CARRY4=6 LUT2=1 LUT5=1)
  Clock Path Skew:        -0.027ns (DCD - SCD + CPR)
    Destination Clock Delay (DCD):    0.510ns = ( 10.510 - 10.000 ) 
    Source Clock Delay      (SCD):    0.537ns
    Clock Pessimism Removal (CPR):    0.000ns
  Clock Uncertainty:      0.535ns  ((TSJ^2 + TIJ^2)^1/2 + DJ) / 2 + PE + UU
    Total System Jitter     (TSJ):    0.071ns
    Total Input Jitter      (TIJ):    0.000ns
    Discrete Jitter          (DJ):    0.000ns
    Phase Error              (PE):    0.000ns
    User Uncertainty         (UU):    0.500ns

    Location             Delay type                Incr(ns)  Path(ns)    Netlist Resource(s)
  -------------------------------------------------------------------    -------------------
                         (clock clk rise edge)        0.000     0.000 r  
                                                      0.000     0.000 r  clk (IN)
                         net (fo=181, unset)          0.537     0.537    clk
                         FDCE                                         r  r_check_res_reg[3]/C
  -------------------------------------------------------------------    -------------------
                         FDCE (Prop_fdce_C_Q)         0.223     0.760 r  r_check_res_reg[3]/Q
                         net (fo=3, unplaced)         0.514     1.274    r_check_res[3]
                         CARRY4 (Prop_carry4_DI[3]_CO[3])
                                                      0.270     1.544 r  r_check_res_reg[3]_i_3/CO[3]
                         net (fo=1, unplaced)         0.000     1.544    r_check_res_reg[3]_i_3_n_0
                         CARRY4 (Prop_carry4_CI_CO[3])
                                                      0.053     1.597 r  r_check_res_reg[7]_i_3/CO[3]
                         net (fo=1, unplaced)         0.000     1.597    r_check_res_reg[7]_i_3_n_0
                         CARRY4 (Prop_carry4_CI_CO[3])
                                                      0.053     1.650 r  r_check_res_reg[11]_i_3/CO[3]
                         net (fo=1, unplaced)         0.000     1.650    r_check_res_reg[11]_i_3_n_0
                         CARRY4 (Prop_carry4_CI_CO[3])
                                                      0.053     1.703 r  r_check_res_reg[15]_i_3/CO[3]
                         net (fo=1, unplaced)         0.000     1.703    r_check_res_reg[15]_i_3_n_0
                         CARRY4 (Prop_carry4_CI_CO[0])
                                                      0.152     1.855 r  r_check_res_reg[3]_i_9/CO[0]
                         net (fo=1, unplaced)         0.191     2.046    u_tx_message_fifo/r_check_res_reg[3]_i_2_0[0]
                         LUT2 (Prop_lut2_I1_O)        0.128     2.174 r  u_tx_message_fifo/r_check_res[3]_i_4/O
                         net (fo=1, unplaced)         0.000     2.174    u_tx_message_fifo/r_check_res[3]_i_4_n_0
                         CARRY4 (Prop_carry4_S[0]_O[3])
                                                      0.296     2.470 r  u_tx_message_fifo/r_check_res_reg[3]_i_2/O[3]
                         net (fo=1, unplaced)         0.494     2.964    u_tx_message_fifo/r_check_res_tmp0[3]
                         LUT5 (Prop_lut5_I1_O)        0.120     3.084 r  u_tx_message_fifo/r_check_res[3]_i_1/O
                         net (fo=2, unplaced)         0.203     3.287    u_tx_message_fifo/mem_reg_0_15_0_5/DIB1
                         RAMD32                                       r  u_tx_message_fifo/mem_reg_0_15_0_5/RAMB_D1/I
  -------------------------------------------------------------------    -------------------

                         (clock clk rise edge)       10.000    10.000 r  
                                                      0.000    10.000 r  clk (IN)
                         net (fo=181, unset)          0.510    10.510    u_tx_message_fifo/mem_reg_0_15_0_5/WCLK
                         RAMD32                                       r  u_tx_message_fifo/mem_reg_0_15_0_5/RAMB_D1/CLK
                         clock pessimism              0.000    10.510    
                         clock uncertainty           -0.535     9.975    
                         RAMD32 (Setup_ramd32_CLK_I)
                                                     -0.135     9.840    u_tx_message_fifo/mem_reg_0_15_0_5/RAMB_D1
  -------------------------------------------------------------------
                         required time                          9.840    
                         arrival time                          -3.287    
  -------------------------------------------------------------------
                         slack                                  6.553    

Slack (MET) :             6.602ns  (required time - arrival time)
  Source:                 r_check_res_reg[3]/C
                            (rising edge-triggered cell FDCE clocked by clk  {rise@0.000ns fall@5.000ns period=10.000ns})
  Destination:            u_tx_message_fifo/mem_reg_0_15_12_17/RAMA_D1/I
                            (rising edge-triggered cell RAMD32 clocked by clk  {rise@0.000ns fall@5.000ns period=10.000ns})
  Path Group:             clk
  Path Type:              Setup (Max at Slow Process Corner)
  Requirement:            10.000ns  (clk rise@10.000ns - clk rise@0.000ns)
  Data Path Delay:        2.696ns  (logic 1.404ns (52.077%)  route 1.292ns (47.923%))
  Logic Levels:           6  (CARRY4=5 LUT5=1)
  Clock Path Skew:        -0.027ns (DCD - SCD + CPR)
    Destination Clock Delay (DCD):    0.510ns = ( 10.510 - 10.000 ) 
    Source Clock Delay      (SCD):    0.537ns
    Clock Pessimism Removal (CPR):    0.000ns
  Clock Uncertainty:      0.535ns  ((TSJ^2 + TIJ^2)^1/2 + DJ) / 2 + PE + UU
    Total System Jitter     (TSJ):    0.071ns
    Total Input Jitter      (TIJ):    0.000ns
    Discrete Jitter          (DJ):    0.000ns
    Phase Error              (PE):    0.000ns
    User Uncertainty         (UU):    0.500ns

    Location             Delay type                Incr(ns)  Path(ns)    Netlist Resource(s)
  -------------------------------------------------------------------    -------------------
                         (clock clk rise edge)        0.000     0.000 r  
                                                      0.000     0.000 r  clk (IN)
                         net (fo=181, unset)          0.537     0.537    clk
                         FDCE                                         r  r_check_res_reg[3]/C
  -------------------------------------------------------------------    -------------------
                         FDCE (Prop_fdce_C_Q)         0.223     0.760 r  r_check_res_reg[3]/Q
                         net (fo=3, unplaced)         0.514     1.274    r_check_res[3]
                         CARRY4 (Prop_carry4_DI[3]_CO[3])
                                                      0.270     1.544 r  r_check_res_reg[3]_i_3/CO[3]
                         net (fo=1, unplaced)         0.000     1.544    r_check_res_reg[3]_i_3_n_0
                         CARRY4 (Prop_carry4_CI_CO[3])
                                                      0.053     1.597 r  r_check_res_reg[7]_i_3/CO[3]
                         net (fo=1, unplaced)         0.000     1.597    r_check_res_reg[7]_i_3_n_0
                         CARRY4 (Prop_carry4_CI_O[1])
                                                      0.173     1.770 r  r_check_res_reg[11]_i_3/O[1]
                         net (fo=1, unplaced)         0.386     2.156    u_tx_message_fifo/r_check_res_reg[11][1]
                         CARRY4 (Prop_carry4_S[1]_CO[3])
                                                      0.387     2.543 r  u_tx_message_fifo/r_check_res_reg[11]_i_2/CO[3]
                         net (fo=1, unplaced)         0.000     2.543    u_tx_message_fifo/r_check_res_reg[11]_i_2_n_0
                         CARRY4 (Prop_carry4_CI_O[1])
                                                      0.173     2.716 r  u_tx_message_fifo/r_check_res_reg[15]_i_2/O[1]
                         net (fo=1, unplaced)         0.189     2.905    u_tx_message_fifo/r_check_res_tmp0[13]
                         LUT5 (Prop_lut5_I1_O)        0.125     3.030 r  u_tx_message_fifo/r_check_res[13]_i_1/O
                         net (fo=2, unplaced)         0.203     3.233    u_tx_message_fifo/mem_reg_0_15_12_17/DIA1
                         RAMD32                                       r  u_tx_message_fifo/mem_reg_0_15_12_17/RAMA_D1/I
  -------------------------------------------------------------------    -------------------

                         (clock clk rise edge)       10.000    10.000 r  
                                                      0.000    10.000 r  clk (IN)
                         net (fo=181, unset)          0.510    10.510    u_tx_message_fifo/mem_reg_0_15_12_17/WCLK
                         RAMD32                                       r  u_tx_message_fifo/mem_reg_0_15_12_17/RAMA_D1/CLK
                         clock pessimism              0.000    10.510    
                         clock uncertainty           -0.535     9.975    
                         RAMD32 (Setup_ramd32_CLK_I)
                                                     -0.140     9.835    u_tx_message_fifo/mem_reg_0_15_12_17/RAMA_D1
  -------------------------------------------------------------------
                         required time                          9.835    
                         arrival time                          -3.233    
  -------------------------------------------------------------------
                         slack                                  6.602    

Slack (MET) :             6.602ns  (required time - arrival time)
  Source:                 r_check_res_reg[3]/C
                            (rising edge-triggered cell FDCE clocked by clk  {rise@0.000ns fall@5.000ns period=10.000ns})
  Destination:            u_tx_message_fifo/mem_reg_0_15_12_17/RAMB/I
                            (rising edge-triggered cell RAMD32 clocked by clk  {rise@0.000ns fall@5.000ns period=10.000ns})
  Path Group:             clk
  Path Type:              Setup (Max at Slow Process Corner)
  Requirement:            10.000ns  (clk rise@10.000ns - clk rise@0.000ns)
  Data Path Delay:        2.725ns  (logic 1.352ns (49.615%)  route 1.373ns (50.385%))
  Logic Levels:           6  (CARRY4=5 LUT5=1)
  Clock Path Skew:        -0.027ns (DCD - SCD + CPR)
    Destination Clock Delay (DCD):    0.510ns = ( 10.510 - 10.000 ) 
    Source Clock Delay      (SCD):    0.537ns
    Clock Pessimism Removal (CPR):    0.000ns
  Clock Uncertainty:      0.535ns  ((TSJ^2 + TIJ^2)^1/2 + DJ) / 2 + PE + UU
    Total System Jitter     (TSJ):    0.071ns
    Total Input Jitter      (TIJ):    0.000ns
    Discrete Jitter          (DJ):    0.000ns
    Phase Error              (PE):    0.000ns
    User Uncertainty         (UU):    0.500ns

    Location             Delay type                Incr(ns)  Path(ns)    Netlist Resource(s)
  -------------------------------------------------------------------    -------------------
                         (clock clk rise edge)        0.000     0.000 r  
                                                      0.000     0.000 r  clk (IN)
                         net (fo=181, unset)          0.537     0.537    clk
                         FDCE                                         r  r_check_res_reg[3]/C
  -------------------------------------------------------------------    -------------------
                         FDCE (Prop_fdce_C_Q)         0.223     0.760 r  r_check_res_reg[3]/Q
                         net (fo=3, unplaced)         0.514     1.274    r_check_res[3]
                         CARRY4 (Prop_carry4_DI[3]_CO[3])
                                                      0.270     1.544 r  r_check_res_reg[3]_i_3/CO[3]
                         net (fo=1, unplaced)         0.000     1.544    r_check_res_reg[3]_i_3_n_0
                         CARRY4 (Prop_carry4_CI_CO[3])
                                                      0.053     1.597 r  r_check_res_reg[7]_i_3/CO[3]
                         net (fo=1, unplaced)         0.000     1.597    r_check_res_reg[7]_i_3_n_0
                         CARRY4 (Prop_carry4_CI_O[1])
                                                      0.173     1.770 r  r_check_res_reg[11]_i_3/O[1]
                         net (fo=1, unplaced)         0.386     2.156    u_tx_message_fifo/r_check_res_reg[11][1]
                         CARRY4 (Prop_carry4_S[1]_CO[3])
                                                      0.387     2.543 r  u_tx_message_fifo/r_check_res_reg[11]_i_2/CO[3]
                         net (fo=1, unplaced)         0.000     2.543    u_tx_message_fifo/r_check_res_reg[11]_i_2_n_0
                         CARRY4 (Prop_carry4_CI_O[2])
                                                      0.119     2.662 r  u_tx_message_fifo/r_check_res_reg[15]_i_2/O[2]
                         net (fo=1, unplaced)         0.270     2.932    u_tx_message_fifo/r_check_res_tmp0[14]
                         LUT5 (Prop_lut5_I1_O)        0.127     3.059 r  u_tx_message_fifo/r_check_res[14]_i_1/O
                         net (fo=2, unplaced)         0.203     3.262    u_tx_message_fifo/mem_reg_0_15_12_17/DIB0
                         RAMD32                                       r  u_tx_message_fifo/mem_reg_0_15_12_17/RAMB/I
  -------------------------------------------------------------------    -------------------

                         (clock clk rise edge)       10.000    10.000 r  
                                                      0.000    10.000 r  clk (IN)
                         net (fo=181, unset)          0.510    10.510    u_tx_message_fifo/mem_reg_0_15_12_17/WCLK
                         RAMD32                                       r  u_tx_message_fifo/mem_reg_0_15_12_17/RAMB/CLK
                         clock pessimism              0.000    10.510    
                         clock uncertainty           -0.535     9.975    
                         RAMD32 (Setup_ramd32_CLK_I)
                                                     -0.111     9.864    u_tx_message_fifo/mem_reg_0_15_12_17/RAMB
  -------------------------------------------------------------------
                         required time                          9.864    
                         arrival time                          -3.262    
  -------------------------------------------------------------------
                         slack                                  6.602    

Slack (MET) :             6.621ns  (required time - arrival time)
  Source:                 r_cnt1_reg[4]/C
                            (rising edge-triggered cell FDCE clocked by clk  {rise@0.000ns fall@5.000ns period=10.000ns})
  Destination:            u_tx_message_fifo/mem_reg_0_15_24_29/RAMB_D1/I
                            (rising edge-triggered cell RAMD32 clocked by clk  {rise@0.000ns fall@5.000ns period=10.000ns})
  Path Group:             clk
  Path Type:              Setup (Max at Slow Process Corner)
  Requirement:            10.000ns  (clk rise@10.000ns - clk rise@0.000ns)
  Data Path Delay:        2.605ns  (logic 1.121ns (43.033%)  route 1.484ns (56.967%))
  Logic Levels:           4  (CARRY4=3 LUT2=1)
  Clock Path Skew:        -0.027ns (DCD - SCD + CPR)
    Destination Clock Delay (DCD):    0.510ns = ( 10.510 - 10.000 ) 
    Source Clock Delay      (SCD):    0.537ns
    Clock Pessimism Removal (CPR):    0.000ns
  Clock Uncertainty:      0.535ns  ((TSJ^2 + TIJ^2)^1/2 + DJ) / 2 + PE + UU
    Total System Jitter     (TSJ):    0.071ns
    Total Input Jitter      (TIJ):    0.000ns
    Discrete Jitter          (DJ):    0.000ns
    Phase Error              (PE):    0.000ns
    User Uncertainty         (UU):    0.500ns

    Location             Delay type                Incr(ns)  Path(ns)    Netlist Resource(s)
  -------------------------------------------------------------------    -------------------
                         (clock clk rise edge)        0.000     0.000 r  
                                                      0.000     0.000 r  clk (IN)
                         net (fo=181, unset)          0.537     0.537    clk
                         FDCE                                         r  r_cnt1_reg[4]/C
  -------------------------------------------------------------------    -------------------
                         FDCE (Prop_fdce_C_Q)         0.223     0.760 r  r_cnt1_reg[4]/Q
                         net (fo=2, unplaced)         0.679     1.439    u_tx_message_fifo/r_cnt1_reg[4]
                         CARRY4 (Prop_carry4_S[3]_CO[3])
                                                      0.311     1.750 r  u_tx_message_fifo/mem_reg_0_15_12_17_i_2/CO[3]
                         net (fo=1, unplaced)         0.000     1.750    u_tx_message_fifo/mem_reg_0_15_12_17_i_2_n_0
                         CARRY4 (Prop_carry4_CI_O[3])
                                                      0.155     1.905 r  u_tx_message_fifo/mem_reg_0_15_18_23_i_2/O[3]
                         net (fo=2, unplaced)         0.505     2.410    u_tx_message_fifo/r_cnt10[8]
                         LUT2 (Prop_lut2_I0_O)        0.120     2.530 r  u_tx_message_fifo/mem_reg_0_15_24_29_i_6/O
                         net (fo=1, unplaced)         0.000     2.530    u_tx_message_fifo/mem_reg_0_15_24_29_i_6_n_0
                         CARRY4 (Prop_carry4_S[1]_O[3])
                                                      0.312     2.842 r  u_tx_message_fifo/mem_reg_0_15_24_29_i_1/O[3]
                         net (fo=1, unplaced)         0.300     3.142    u_tx_message_fifo/mem_reg_0_15_24_29/DIB1
                         RAMD32                                       r  u_tx_message_fifo/mem_reg_0_15_24_29/RAMB_D1/I
  -------------------------------------------------------------------    -------------------

                         (clock clk rise edge)       10.000    10.000 r  
                                                      0.000    10.000 r  clk (IN)
                         net (fo=181, unset)          0.510    10.510    u_tx_message_fifo/mem_reg_0_15_24_29/WCLK
                         RAMD32                                       r  u_tx_message_fifo/mem_reg_0_15_24_29/RAMB_D1/CLK
                         clock pessimism              0.000    10.510    
                         clock uncertainty           -0.535     9.975    
                         RAMD32 (Setup_ramd32_CLK_I)
                                                     -0.212     9.763    u_tx_message_fifo/mem_reg_0_15_24_29/RAMB_D1
  -------------------------------------------------------------------
                         required time                          9.763    
                         arrival time                          -3.142    
  -------------------------------------------------------------------
                         slack                                  6.621    




