Copyright 1986-2020 Xilinx, Inc. All Rights Reserved.
------------------------------------------------------------------------------------
| Tool Version : Vivado v.2020.2 (win64) Build 3064766 Wed Nov 18 09:12:45 MST 2020
| Date         : Wed Oct  7 21:45:56 2026
| Host         : null running 64-bit major release  (build 9200)
| Command      : report_timing -max_paths 25 -file timing_paths_r3.rpt
| Design       : ethernet_tx_pack
| Device       : 7k70t-fbg676
| Speed File   : -2  PRODUCTION 1.12 2017-02-17
------------------------------------------------------------------------------------

Timing Report

Slack (MET) :             5.681ns  (required time - arrival time)
  Source:                 u_tx_message_fifo/rd_ptr_reg[0]/C
                            (rising edge-triggered cell FDRE clocked by clk  {rise@0.000ns fall@5.000ns period=10.000ns})
  Destination:            r_udp_head_sum_reg[17]/D
                            (rising edge-triggered cell FDCE clocked by clk  {rise@0.000ns fall@5.000ns period=10.000ns})
  Path Group:             clk
  Path Type:              Setup (Max at Slow Process Corner)
  Requirement:            10.000ns  (clk rise@10.000ns - clk rise@0.000ns)
  Data Path Delay:        3.806ns  (logic 1.390ns (36.521%)  route 2.416ns (63.479%))
  Logic Levels:           8  (CARRY4=5 LUT6=2 RAMD32=1)
  Clock Path Skew:        -0.027ns (DCD - SCD + CPR)
    Destination Clock Delay (DCD):    0.510ns = ( 10.510 - 10.000 ) 
    Source Clock Delay      (SCD):    0.537ns
    Clock Pessimism Removal (CPR):    0.000ns
  Clock Uncertainty:      0.535ns  ((TSJ^2 + TIJ^2)^1/2 + DJ) / 2 + PE + UU
    Total System Jitter     (TSJ):    0.071ns
    Total Input Jitter      (TIJ):    0.000ns
    Discrete Jitter          (DJ):    0.000ns
    Phase Error              (PE):    0.000ns
    User Uncertainty         (UU):    0.500ns

    Location             Delay type                Incr(ns)  Path(ns)    Netlist Resource(s)
  -------------------------------------------------------------------    -------------------
                         (clock clk rise edge)        0.000     0.000 r  
                                                      0.000     0.000 r  clk (IN)
                         net (fo=227, unset)          0.537     0.537    u_tx_message_fifo/clk
                         FDRE                                         r  u_tx_message_fifo/rd_ptr_reg[0]/C
  -------------------------------------------------------------------    -------------------
                         FDRE (Prop_fdre_C_Q)         0.223     0.760 r  u_tx_message_fifo/rd_ptr_reg[0]/Q
                         net (fo=42, unplaced)        0.605     1.365    u_tx_message_fifo/mem_reg_0_15_18_23/ADDRA0
                         RAMD32 (Prop_ramd32_RADR0_O)
                                                      0.123     1.488 r  u_tx_message_fifo/mem_reg_0_15_18_23/RAMA_D1/O
                         net (fo=4, unplaced)         0.521     2.009    u_tx_message_fifo/p_0_in[3]
                         CARRY4 (Prop_carry4_DI[1]_CO[3])
                                                      0.250     2.259 r  u_tx_message_fifo/dout_data_reg[5]_i_10/CO[3]
                         net (fo=1, unplaced)         0.000     2.259    u_tx_message_fifo/dout_data_reg[5]_i_10_n_0
                         CARRY4 (Prop_carry4_CI_CO[3])
                                                      0.053     2.312 r  u_tx_message_fifo/dout_data_reg[9]_i_10/CO[3]
                         net (fo=1, unplaced)         0.000     2.312    u_tx_message_fifo/dout_data_reg[9]_i_10_n_0
                         CARRY4 (Prop_carry4_CI_O[3])
                                                      0.155     2.467 r  u_tx_message_fifo/dout_data_reg[13]_i_10/O[3]
                         net (fo=3, unplaced)         0.512     2.979    u_tx_message_fifo/data32[11]
                         LUT6 (Prop_lut6_I3_O)        0.120     3.099 f  u_tx_message_fifo/r_udp_head_sum[12]_i_18/O
                         net (fo=1, unplaced)         0.270     3.369    u_tx_data_fifo/r_udp_head_sum_reg[15]_4
                         LUT6 (Prop_lut6_I5_O)        0.043     3.412 r  u_tx_data_fifo/r_udp_head_sum[12]_i_4/O
                         net (fo=2, unplaced)         0.508     3.920    u_tx_data_fifo/r_udp_head_sum[12]_i_4_n_0
                         CARRY4 (Prop_carry4_DI[1]_CO[3])
                                                      0.250     4.170 r  u_tx_data_fifo/r_udp_head_sum_reg[12]_i_1/CO[3]
                         net (fo=1, unplaced)         0.000     4.170    u_tx_data_fifo/r_udp_head_sum_reg[12]_i_1_n_0
                         CARRY4 (Prop_carry4_CI_O[1])
                                                      0.173     4.343 r  u_tx_data_fifo/r_udp_head_sum_reg[16]_i_1/O[1]
                         net (fo=1, unplaced)         0.000     4.343    u_tx_data_fifo_n_41
                         FDCE                                         r  r_udp_head_sum_reg[17]/D
  -------------------------------------------------------------------    -------------------

                         (clock clk rise edge)       10.000    10.000 r  
                                                      0.000    10.000 r  clk (IN)
                         net (fo=227, unset)          0.510    10.510    clk
                         FDCE                                         r  r_udp_head_sum_reg[17]/C
                         clock pessimism              0.000    10.510    
                         clock uncertainty           -0.535     9.975    
                         FDCE (Setup_fdce_C_D)        0.049    10.024    r_udp_head_sum_reg[17]
  -------------------------------------------------------------------
                         required time                         10.024    
                         arrival time                          -4.343    
  -------------------------------------------------------------------
                         slack                                  5.681    

Slack (MET) :             5.699ns  (required time - arrival time)
  Source:                 u_tx_message_fifo/rd_ptr_reg[0]/C
                            (rising edge-triggered cell FDRE clocked by clk  {rise@0.000ns fall@5.000ns period=10.000ns})
  Destination:            r_udp_head_sum_reg[19]/D
                            (rising edge-triggered cell FDCE clocked by clk  {rise@0.000ns fall@5.000ns period=10.000ns})
  Path Group:             clk
  Path Type:              Setup (Max at Slow Process Corner)
  Requirement:            10.000ns  (clk rise@10.000ns - clk rise@0.000ns)
  Data Path Delay:        3.788ns  (logic 1.372ns (36.220%)  route 2.416ns (63.780%))
  Logic Levels:           8  (CARRY4=5 LUT6=2 RAMD32=1)
  Clock Path Skew:        -0.027ns (DCD - SCD + CPR)
    Destination Clock Delay (DCD):    0.510ns = ( 10.510 - 10.000 ) 
    Source Clock Delay      (SCD):    0.537ns
    Clock Pessimism Removal (CPR):    0.000ns
  Clock Uncertainty:      0.535ns  ((TSJ^2 + TIJ^2)^1/2 + DJ) / 2 + PE + UU
    Total System Jitter     (TSJ):    0.071ns
    Total Input Jitter      (TIJ):    0.000ns
    Discrete Jitter          (DJ):    0.000ns
    Phase Error              (PE):    0.000ns
    User Uncertainty         (UU):    0.500ns

    Location             Delay type                Incr(ns)  Path(ns)    Netlist Resource(s)
  -------------------------------------------------------------------    -------------------
                         (clock clk rise edge)        0.000     0.000 r  
                                                      0.000     0.000 r  clk (IN)
                         net (fo=227, unset)          0.537     0.537    u_tx_message_fifo/clk
                         FDRE                                         r  u_tx_message_fifo/rd_ptr_reg[0]/C
  -------------------------------------------------------------------    -------------------
                         FDRE (Prop_fdre_C_Q)         0.223     0.760 r  u_tx_message_fifo/rd_ptr_reg[0]/Q
                         net (fo=42, unplaced)        0.605     1.365    u_tx_message_fifo/mem_reg_0_15_18_23/ADDRA0
                         RAMD32 (Prop_ramd32_RADR0_O)
                                                      0.123     1.488 r  u_tx_message_fifo/mem_reg_0_15_18_23/RAMA_D1/O
                         net (fo=4, unplaced)         0.521     2.009    u_tx_message_fifo/p_0_in[3]
                         CARRY4 (Prop_carry4_DI[1]_CO[3])
                                                      0.250     2.259 r  u_tx_message_fifo/dout_data_reg[5]_i_10/CO[3]
                         net (fo=1, unplaced)         0.000     2.259    u_tx_message_fifo/dout_data_reg[5]_i_10_n_0
                         CARRY4 (Prop_carry4_CI_CO[3])
                                                      0.053     2.312 r  u_tx_message_fifo/dout_data_reg[9]_i_10/CO[3]
                         net (fo=1, unplaced)         0.000     2.312    u_tx_message_fifo/dout_data_reg[9]_i_10_n_0
                         CARRY4 (Prop_carry4_CI_O[3])
                                                      0.155     2.467 r  u_tx_message_fifo/dout_data_reg[13]_i_10/O[3]
                         net (fo=3, unplaced)         0.512     2.979    u_tx_message_fifo/data32[11]
                         LUT6 (Prop_lut6_I3_O)        0.120     3.099 f  u_tx_message_fifo/r_udp_head_sum[12]_i_18/O
                         net (fo=1, unplaced)         0.270     3.369    u_tx_data_fifo/r_udp_head_sum_reg[15]_4
                         LUT6 (Prop_lut6_I5_O)        0.043     3.412 r  u_tx_data_fifo/r_udp_head_sum[12]_i_4/O
                         net (fo=2, unplaced)         0.508     3.920    u_tx_data_fifo/r_udp_head_sum[12]_i_4_n_0
                         CARRY4 (Prop_carry4_DI[1]_CO[3])
                                                      0.250     4.170 r  u_tx_data_fifo/r_udp_head_sum_reg[12]_i_1/CO[3]
                         net (fo=1, unplaced)         0.000     4.170    u_tx_data_fifo/r_udp_head_sum_reg[12]_i_1_n_0
                         CARRY4 (Prop_carry4_CI_O[3])
                                                      0.155     4.325 r  u_tx_data_fifo/r_udp_head_sum_reg[16]_i_1/O[3]
                         net (fo=1, unplaced)         0.000     4.325    u_tx_data_fifo_n_39
                         FDCE                                         r  r_udp_head_sum_reg[19]/D
  -------------------------------------------------------------------    -------------------

                         (clock clk rise edge)       10.000    10.000 r  
                                                      0.000    10.000 r  clk (IN)
                         net (fo=227, unset)          0.510    10.510    clk
                         FDCE                                         r  r_udp_head_sum_reg[19]/C
                         clock pessimism              0.000    10.510    
                         clock uncertainty           -0.535     9.975    
                         FDCE (Setup_fdce_C_D)        0.049    10.024    r_udp_head_sum_reg[19]
  -------------------------------------------------------------------
                         required time                         10.024    
                         arrival time                          -4.325    
  -------------------------------------------------------------------
                         slack                                  5.699    

Slack (MET) :             5.734ns  (required time - arrival time)
  Source:                 u_tx_message_fifo/rd_ptr_reg[0]/C
                            (rising edge-triggered cell FDRE clocked by clk  {rise@0.000ns fall@5.000ns period=10.000ns})
  Destination:            r_udp_head_sum_reg[13]/D
                            (rising edge-triggered cell FDCE clocked by clk  {rise@0.000ns fall@5.000ns period=10.000ns})
  Path Group:             clk
  Path Type:              Setup (Max at Slow Process Corner)
  Requirement:            10.000ns  (clk rise@10.000ns - clk rise@0.000ns)
  Data Path Delay:        3.753ns  (logic 1.337ns (35.625%)  route 2.416ns (64.375%))
  Logic Levels:           7  (CARRY4=4 LUT6=2 RAMD32=1)
  Clock Path Skew:        -0.027ns (DCD - SCD + CPR)
    Destination Clock Delay (DCD):    0.510ns = ( 10.510 - 10.000 ) 
    Source Clock Delay      (SCD):    0.537ns
    Clock Pessimism Removal (CPR):    0.000ns
  Clock Uncertainty:      0.535ns  ((TSJ^2 + TIJ^2)^1/2 + DJ) / 2 + PE + UU
    Total System Jitter     (TSJ):    0.071ns
    Total Input Jitter      (TIJ):    0.000ns
    Discrete Jitter          (DJ):    0.000ns
    Phase Error              (PE):    0.000ns
    User Uncertainty         (UU):    0.500ns

    Location             Delay type                Incr(ns)  Path(ns)    Netlist Resource(s)
  -------------------------------------------------------------------    -------------------
                         (clock clk rise edge)        0.000     0.000 r  
                                                      0.000     0.000 r  clk (IN)
                         net (fo=227, unset)          0.537     0.537    u_tx_message_fifo/clk
                         FDRE                                         r  u_tx_message_fifo/rd_ptr_reg[0]/C
  -------------------------------------------------------------------    -------------------
                         FDRE (Prop_fdre_C_Q)         0.223     0.760 r  u_tx_message_fifo/rd_ptr_reg[0]/Q
                         net (fo=42, unplaced)        0.605     1.365    u_tx_message_fifo/mem_reg_0_15_18_23/ADDRA0
                         RAMD32 (Prop_ramd32_RADR0_O)
                                                      0.123     1.488 r  u_tx_message_fifo/mem_reg_0_15_18_23/RAMA_D1/O
                         net (fo=4, unplaced)         0.521     2.009    u_tx_message_fifo/p_0_in[3]
                         CARRY4 (Prop_carry4_DI[1]_CO[3])
                                                      0.250     2.259 r  u_tx_message_fifo/dout_data_reg[5]_i_10/CO[3]
                         net (fo=1, unplaced)         0.000     2.259    u_tx_message_fifo/dout_data_reg[5]_i_10_n_0
                         CARRY4 (Prop_carry4_CI_O[3])
                                                      0.155     2.414 r  u_tx_message_fifo/dout_data_reg[9]_i_10/O[3]
                         net (fo=3, unplaced)         0.512     2.926    u_tx_message_fifo/data32[7]
                         LUT6 (Prop_lut6_I3_O)        0.120     3.046 f  u_tx_message_fifo/r_udp_head_sum[8]_i_18/O
                         net (fo=1, unplaced)         0.270     3.316    u_tx_data_fifo/r_udp_head_sum_reg[11]_4
                         LUT6 (Prop_lut6_I5_O)        0.043     3.359 r  u_tx_data_fifo/r_udp_head_sum[8]_i_4/O
                         net (fo=2, unplaced)         0.508     3.867    u_tx_data_fifo/r_udp_head_sum[8]_i_4_n_0
                         CARRY4 (Prop_carry4_DI[1]_CO[3])
                                                      0.250     4.117 r  u_tx_data_fifo/r_udp_head_sum_reg[8]_i_1/CO[3]
                         net (fo=1, unplaced)         0.000     4.117    u_tx_data_fifo/r_udp_head_sum_reg[8]_i_1_n_0
                         CARRY4 (Prop_carry4_CI_O[1])
                                                      0.173     4.290 r  u_tx_data_fifo/r_udp_head_sum_reg[12]_i_1/O[1]
                         net (fo=1, unplaced)         0.000     4.290    u_tx_data_fifo_n_37
                         FDCE                                         r  r_udp_head_sum_reg[13]/D
  -------------------------------------------------------------------    -------------------

                         (clock clk rise edge)       10.000    10.000 r  
                                                      0.000    10.000 r  clk (IN)
                         net (fo=227, unset)          0.510    10.510    clk
                         FDCE                                         r  r_udp_head_sum_reg[13]/C
                         clock pessimism              0.000    10.510    
                         clock uncertainty           -0.535     9.975    
                         FDCE (Setup_fdce_C_D)        0.049    10.024    r_udp_head_sum_reg[13]
  -------------------------------------------------------------------
                         required time                         10.024    
                         arrival time                          -4.290    
  -------------------------------------------------------------------
                         slack                                  5.734    

Slack (MET) :             5.735ns  (required time - arrival time)
  Source:                 u_tx_message_fifo/rd_ptr_reg[0]/C
                            (rising edge-triggered cell FDRE clocked by clk  {rise@0.000ns fall@5.000ns period=10.000ns})
  Destination:            r_udp_head_sum_reg[18]/D
                            (rising edge-triggered cell FDCE clocked by clk  {rise@0.000ns fall@5.000ns period=10.000ns})
  Path Group:             clk
  Path Type:              Setup (Max at Slow Process Corner)
  Requirement:            10.000ns  (clk rise@10.000ns - clk rise@0.000ns)
  Data Path Delay:        3.752ns  (logic 1.336ns (35.608%)  route 2.416ns (64.392%))
  Logic Levels:           8  (CARRY4=5 LUT6=2 RAMD32=1)
  Clock Path Skew:        -0.027ns (DCD - SCD + CPR)
    Destination Clock Delay (DCD):    0.510ns = ( 10.510 - 10.000 ) 
    Source Clock Delay      (SCD):    0.537ns
    Clock Pessimism Removal (CPR):    0.000ns
  Clock Uncertainty:      0.535ns  ((TSJ^2 + TIJ^2)^1/2 + DJ) / 2 + PE + UU
    Total System Jitter     (TSJ):    0.071ns
    Total Input Jitter      (TIJ):    0.000ns
    Discrete Jitter          (DJ):    0.000ns
    Phase Error              (PE):    0.000ns
    User Uncertainty         (UU):    0.500ns

    Location             Delay type                Incr(ns)  Path(ns)    Netlist Resource(s)
  -------------------------------------------------------------------    -------------------
                         (clock clk rise edge)        0.000     0.000 r  
                                                      0.000     0.000 r  clk (IN)
                         net (fo=227, unset)          0.537     0.537    u_tx_message_fifo/clk
                         FDRE                                         r  u_tx_message_fifo/rd_ptr_reg[0]/C
  -------------------------------------------------------------------    -------------------
                         FDRE (Prop_fdre_C_Q)         0.223     0.760 r  u_tx_message_fifo/rd_ptr_reg[0]/Q
                         net (fo=42, unplaced)        0.605     1.365    u_tx_message_fifo/mem_reg_0_15_18_23/ADDRA0
                         RAMD32 (Prop_ramd32_RADR0_O)
                                                      0.123     1.488 r  u_tx_message_fifo/mem_reg_0_15_18_23/RAMA_D1/O
                         net (fo=4, unplaced)         0.521     2.009    u_tx_message_fifo/p_0_in[3]
                         CARRY4 (Prop_carry4_DI[1]_CO[3])
                                                      0.250     2.259 r  u_tx_message_fifo/dout_data_reg[5]_i_10/CO[3]
                         net (fo=1, unplaced)         0.000     2.259    u_tx_message_fifo/dout_data_reg[5]_i_10_n_0
                         CARRY4 (Prop_carry4_CI_CO[3])
                                                      0.053     2.312 r  u_tx_message_fifo/dout_data_reg[9]_i_10/CO[3]
                         net (fo=1, unplaced)         0.000     2.312    u_tx_message_fifo/dout_data_reg[9]_i_10_n_0
                         CARRY4 (Prop_carry4_CI_O[3])
                                                      0.155     2.467 r  u_tx_message_fifo/dout_data_reg[13]_i_10/O[3]
                         net (fo=3, unplaced)         0.512     2.979    u_tx_message_fifo/data32[11]
                         LUT6 (Prop_lut6_I3_O)        0.120     3.099 f  u_tx_message_fifo/r_udp_head_sum[12]_i_18/O
                         net (fo=1, unplaced)         0.270     3.369    u_tx_data_fifo/r_udp_head_sum_reg[15]_4
                         LUT6 (Prop_lut6_I5_O)        0.043     3.412 r  u_tx_data_fifo/r_udp_head_sum[12]_i_4/O
                         net (fo=2, unplaced)         0.508     3.920    u_tx_data_fifo/r_udp_head_sum[12]_i_4_n_0
                         CARRY4 (Prop_carry4_DI[1]_CO[3])
                                                      0.250     4.170 r  u_tx_data_fifo/r_udp_head_sum_reg[12]_i_1/CO[3]
                         net (fo=1, unplaced)         0.000     4.170    u_tx_data_fifo/r_udp_head_sum_reg[12]_i_1_n_0
                         CARRY4 (Prop_carry4_CI_O[2])
                                                      0.119     4.289 r  u_tx_data_fifo/r_udp_head_sum_reg[16]_i_1/O[2]
                         net (fo=1, unplaced)         0.000     4.289    u_tx_data_fifo_n_40
                         FDCE                                         r  r_udp_head_sum_reg[18]/D
  -------------------------------------------------------------------    -------------------

                         (clock clk rise edge)       10.000    10.000 r  
                                                      0.000    10.000 r  clk (IN)
                         net (fo=227, unset)          0.510    10.510    clk
                         FDCE                                         r  r_udp_head_sum_reg[18]/C
                         clock pessimism              0.000    10.510    
                         clock uncertainty           -0.535     9.975    
                         FDCE (Setup_fdce_C_D)        0.049    10.024    r_udp_head_sum_reg[18]
  -------------------------------------------------------------------
                         required time                         10.024    
                         arrival time                          -4.289    
  -------------------------------------------------------------------
                         slack                                  5.735    

Slack (MET) :             5.737ns  (required time - arrival time)
  Source:                 u_tx_message_fifo/rd_ptr_reg[0]/C
                            (rising edge-triggered cell FDRE clocked by clk  {rise@0.000ns fall@5.000ns period=10.000ns})
  Destination:            r_udp_head_sum_reg[16]/D
                            (rising edge-triggered cell FDCE clocked by clk  {rise@0.000ns fall@5.000ns period=10.000ns})
  Path Group:             clk
  Path Type:              Setup (Max at Slow Process Corner)
  Requirement:            10.000ns  (clk rise@10.000ns - clk rise@0.000ns)
  Data Path Delay:        3.750ns  (logic 1.334ns (35.573%)  route 2.416ns (64.427%))
  Logic Levels:           8  (CARRY4=5 LUT6=2 RAMD32=1)
  Clock Path Skew:        -0.027ns (DCD - SCD + CPR)
    Destination Clock Delay (DCD):    0.510ns = ( 10.510 - 10.000 ) 
    Source Clock Delay      (SCD):    0.537ns
    Clock Pessimism Removal (CPR):    0.000ns
  Clock Uncertainty:      0.535ns  ((TSJ^2 + TIJ^2)^1/2 + DJ) / 2 + PE + UU
    Total System Jitter     (TSJ):    0.071ns
    Total Input Jitter      (TIJ):    0.000ns
    Discrete Jitter          (DJ):    0.000ns
    Phase Error              (PE):    0.000ns
    User Uncertainty         (UU):    0.500ns

    Location             Delay type                Incr(ns)  Path(ns)    Netlist Resource(s)
  -------------------------------------------------------------------    -------------------
                         (clock clk rise edge)        0.000     0.000 r  
                                                      0.000     0.000 r  clk (IN)
                         net (fo=227, unset)          0.537     0.537    u_tx_message_fifo/clk
                         FDRE                                         r  u_tx_message_fifo/rd_ptr_reg[0]/C
  -------------------------------------------------------------------    -------------------
                         FDRE (Prop_fdre_C_Q)         0.223     0.760 r  u_tx_message_fifo/rd_ptr_reg[0]/Q
                         net (fo=42, unplaced)        0.605     1.365    u_tx_message_fifo/mem_reg_0_15_18_23/ADDRA0
                         RAMD32 (Prop_ramd32_RADR0_O)
                                                      0.123     1.488 r  u_tx_message_fifo/mem_reg_0_15_18_23/RAMA_D1/O
                         net (fo=4, unplaced)         0.521     2.009    u_tx_message_fifo/p_0_in[3]
                         CARRY4 (Prop_carry4_DI[1]_CO[3])
                                                      0.250     2.259 r  u_tx_message_fifo/dout_data_reg[5]_i_10/CO[3]
                         net (fo=1, unplaced)         0.000     2.259    u_tx_message_fifo/dout_data_reg[5]_i_10_n_0
                         CARRY4 (Prop_carry4_CI_CO[3])
                                                      0.053     2.312 r  u_tx_message_fifo/dout_data_reg[9]_i_10/CO[3]
                         net (fo=1, unplaced)         0.000     2.312    u_tx_message_fifo/dout_data_reg[9]_i_10_n_0
                         CARRY4 (Prop_carry4_CI_O[3])
                                                      0.155     2.467 r  u_tx_message_fifo/dout_data_reg[13]_i_10/O[3]
                         net (fo=3, unplaced)         0.512     2.979    u_tx_message_fifo/data32[11]
                         LUT6 (Prop_lut6_I3_O)        0.120     3.099 f  u_tx_message_fifo/r_udp_head_sum[12]_i_18/O
                         net (fo=1, unplaced)         0.270     3.369    u_tx_data_fifo/r_udp_head_sum_reg[15]_4
                         LUT6 (Prop_lut6_I5_O)        0.043     3.412 r  u_tx_data_fifo/r_udp_head_sum[12]_i_4/O
                         net (fo=2, unplaced)         0.508     3.920    u_tx_data_fifo/r_udp_head_sum[12]_i_4_n_0
                         CARRY4 (Prop_carry4_DI[1]_CO[3])
                                                      0.250     4.170 r  u_tx_data_fifo/r_udp_head_sum_reg[12]_i_1/CO[3]
                         net (fo=1, unplaced)         0.000     4.170    u_tx_data_fifo/r_udp_head_sum_reg[12]_i_1_n_0
                         CARRY4 (Prop_carry4_CI_O[0])
                                                      0.117     4.287 r  u_tx_data_fifo/r_udp_head_sum_reg[16]_i_1/O[0]
                         net (fo=1, unplaced)         0.000     4.287    u_tx_data_fifo_n_42
                         FDCE                                         r  r_udp_head_sum_reg[16]/D
  -------------------------------------------------------------------    -------------------

                         (clock clk rise edge)       10.000    10.000 r  
                                                      0.000    10.000 r  clk (IN)
                         net (fo=227, unset)          0.510    10.510    clk
                         FDCE                                         r  r_udp_head_sum_reg[16]/C
                         clock pessimism              0.000    10.510    
                         clock uncertainty           -0.535     9.975    
                         FDCE (Setup_fdce_C_D)        0.049    10.024    r_udp_head_sum_reg[16]
  -------------------------------------------------------------------
                         required time                         10.024    
                         arrival time                          -4.287    
  -------------------------------------------------------------------
                         slack                                  5.737    

Slack (MET) :             5.752ns  (required time - arrival time)
  Source:                 u_tx_message_fifo/rd_ptr_reg[0]/C
                            (rising edge-triggered cell FDRE clocked by clk  {rise@0.000ns fall@5.000ns period=10.000ns})
  Destination:            r_udp_head_sum_reg[15]/D
                            (rising edge-triggered cell FDCE clocked by clk  {rise@0.000ns fall@5.000ns period=10.000ns})
  Path Group:             clk
  Path Type:              Setup (Max at Slow Process Corner)
  Requirement:            10.000ns  (clk rise@10.000ns - clk rise@0.000ns)
  Data Path Delay:        3.735ns  (logic 1.319ns (35.315%)  route 2.416ns (64.685%))
  Logic Levels:           7  (CARRY4=4 LUT6=2 RAMD32=1)
  Clock Path Skew:        -0.027ns (DCD - SCD + CPR)
    Destination Clock Delay (DCD):    0.510ns = ( 10.510 - 10.000 ) 
    Source Clock Delay      (SCD):    0.537ns
    Clock Pessimism Removal (CPR):    0.000ns
  Clock Uncertainty:      0.535ns  ((TSJ^2 + TIJ^2)^1/2 + DJ) / 2 + PE + UU
    Total System Jitter     (TSJ):    0.071ns
    Total Input Jitter      (TIJ):    0.000ns
    Discrete Jitter          (DJ):    0.000ns
    Phase Error              (PE):    0.000ns
    User Uncertainty         (UU):    0.500ns

    Location             Delay type                Incr(ns)  Path(ns)    Netlist Resource(s)
  -------------------------------------------------------------------    -------------------
                         (clock clk rise edge)        0.000     0.000 r  
                                                      0.000     0.000 r  clk (IN)
                         net (fo=227, unset)          0.537     0.537    u_tx_message_fifo/clk
                         FDRE                                         r  u_tx_message_fifo/rd_ptr_reg[0]/C
  -------------------------------------------------------------------    -------------------
                         FDRE (Prop_fdre_C_Q)         0.223     0.760 r  u_tx_message_fifo/rd_ptr_reg[0]/Q
                         net (fo=42, unplaced)        0.605     1.365    u_tx_message_fifo/mem_reg_0_15_18_23/ADDRA0
                         RAMD32 (Prop_ramd32_RADR0_O)
                                                      0.123     1.488 r  u_tx_message_fifo/mem_reg_0_15_18_23/RAMA_D1/O
                         net (fo=4, unplaced)         0.521     2.009    u_tx_message_fifo/p_0_in[3]
                         CARRY4 (Prop_carry4_DI[1]_CO[3])
                                                      0.250     2.259 r  u_tx_message_fifo/dout_data_reg[5]_i_10/CO[3]
                         net (fo=1, unplaced)         0.000     2.259    u_tx_message_fifo/dout_data_reg[5]_i_10_n_0
                         CARRY4 (Prop_carry4_CI_O[3])
                                                      0.155     2.414 r  u_tx_message_fifo/dout_data_reg[9]_i_10/O[3]
                         net (fo=3, unplaced)         0.512     2.926    u_tx_message_fifo/data32[7]
                         LUT6 (Prop_lut6_I3_O)        0.120     3.046 f  u_tx_message_fifo/r_udp_head_sum[8]_i_18/O
                         net (fo=1, unplaced)         0.270     3.316    u_tx_data_fifo/r_udp_head_sum_reg[11]_4
                         LUT6 (Prop_lut6_I5_O)        0.043     3.359 r  u_tx_data_fifo/r_udp_head_sum[8]_i_4/O
                         net (fo=2, unplaced)         0.508     3.867    u_tx_data_fifo/r_udp_head_sum[8]_i_4_n_0
                         CARRY4 (Prop_carry4_DI[1]_CO[3])
                                                      0.250     4.117 r  u_tx_data_fifo/r_udp_head_sum_reg[8]_i_1/CO[3]
                         net (fo=1, unplaced)         0.000     4.117    u_tx_data_fifo/r_udp_head_sum_reg[8]_i_1_n_0
                         CARRY4 (Prop_carry4_CI_O[3])
                                                      0.155     4.272 r  u_tx_data_fifo/r_udp_head_sum_reg[12]_i_1/O[3]
                         net (fo=1, unplaced)         0.000     4.272    u_tx_data_fifo_n_35
                         FDCE                                         r  r_udp_head_sum_reg[15]/D
  -------------------------------------------------------------------    -------------------

                         (clock clk rise edge)       10.000    10.000 r  
                                                      0.000    10.000 r  clk (IN)
                         net (fo=227, unset)          0.510    10.510    clk
                         FDCE                                         r  r_udp_head_sum_reg[15]/C
                         clock pessimism              0.000    10.510    
                         clock uncertainty           -0.535     9.975    
                         FDCE (Setup_fdce_C_D)        0.049    10.024    r_udp_head_sum_reg[15]
  -------------------------------------------------------------------
                         required time                         10.024    
                         arrival time                          -4.272    
  -------------------------------------------------------------------
                         slack                                  5.752    

Slack (MET) :             5.788ns  (required time - arrival time)
  Source:                 u_tx_message_fifo/rd_ptr_reg[0]/C
                            (rising edge-triggered cell FDRE clocked by clk  {rise@0.000ns fall@5.000ns period=10.000ns})
  Destination:            r_udp_head_sum_reg[14]/D
                            (rising edge-triggered cell FDCE clocked by clk  {rise@0.000ns fall@5.000ns period=10.000ns})
  Path Group:             clk
  Path Type:              Setup (Max at Slow Process Corner)
  Requirement:            10.000ns  (clk rise@10.000ns - clk rise@0.000ns)
  Data Path Delay:        3.699ns  (logic 1.283ns (34.685%)  route 2.416ns (65.315%))
  Logic Levels:           7  (CARRY4=4 LUT6=2 RAMD32=1)
  Clock Path Skew:        -0.027ns (DCD - SCD + CPR)
    Destination Clock Delay (DCD):    0.510ns = ( 10.510 - 10.000 ) 
    Source Clock Delay      (SCD):    0.537ns
    Clock Pessimism Removal (CPR):    0.000ns
  Clock Uncertainty:      0.535ns  ((TSJ^2 + TIJ^2)^1/2 + DJ) / 2 + PE + UU
    Total System Jitter     (TSJ):    0.071ns
    Total Input Jitter      (TIJ):    0.000ns
    Discrete Jitter          (DJ):    0.000ns
    Phase Error              (PE):    0.000ns
    User Uncertainty         (UU):    0.500ns

    Location             Delay type                Incr(ns)  Path(ns)    Netlist Resource(s)
  -------------------------------------------------------------------    -------------------
                         (clock clk rise edge)        0.000     0.000 r  
                                                      0.000     0.000 r  clk (IN)
                         net (fo=227, unset)          0.537     0.537    u_tx_message_fifo/clk
                         FDRE                                         r  u_tx_message_fifo/rd_ptr_reg[0]/C
  -------------------------------------------------------------------    -------------------
                         FDRE (Prop_fdre_C_Q)         0.223     0.760 r  u_tx_message_fifo/rd_ptr_reg[0]/Q
                         net (fo=42, unplaced)        0.605     1.365    u_tx_message_fifo/mem_reg_0_15_18_23/ADDRA0
                         RAMD32 (Prop_ramd32_RADR0_O)
                                                      0.123     1.488 r  u_tx_message_fifo/mem_reg_0_15_18_23/RAMA_D1/O
                         net (fo=4, unplaced)         0.521     2.009    u_tx_message_fifo/p_0_in[3]
                         CARRY4 (Prop_carry4_DI[1]_CO[3])
                                                      0.250     2.259 r  u_tx_message_fifo/dout_data_reg[5]_i_10/CO[3]
                         net (fo=1, unplaced)         0.000     2.259    u_tx_message_fifo/dout_data_reg[5]_i_10_n_0
                         CARRY4 (Prop_carry4_CI_O[3])
                                                      0.155     2.414 r  u_tx_message_fifo/dout_data_reg[9]_i_10/O[3]
                         net (fo=3, unplaced)         0.512     2.926    u_tx_message_fifo/data32[7]
                         LUT6 (Prop_lut6_I3_O)        0.120     3.046 f  u_tx_message_fifo/r_udp_head_sum[8]_i_18/O
                         net (fo=1, unplaced)         0.270     3.316    u_tx_data_fifo/r_udp_head_sum_reg[11]_4
                         LUT6 (Prop_lut6_I5_O)        0.043     3.359 r  u_tx_data_fifo/r_udp_head_sum[8]_i_4/O
                         net (fo=2, unplaced)         0.508     3.867    u_tx_data_fifo/r_udp_head_sum[8]_i_4_n_0
                         CARRY4 (Prop_carry4_DI[1]_CO[3])
                                                      0.250     4.117 r  u_tx_data_fifo/r_udp_head_sum_reg[8]_i_1/CO[3]
                         net (fo=1, unplaced)         0.000     4.117    u_tx_data_fifo/r_udp_head_sum_reg[8]_i_1_n_0
                         CARRY4 (Prop_carry4_CI_O[2])
                                                      0.119     4.236 r  u_tx_data_fifo/r_udp_head_sum_reg[12]_i_1/O[2]
                         net (fo=1, unplaced)         0.000     4.236    u_tx_data_fifo_n_36
                         FDCE                                         r  r_udp_head_sum_reg[14]/D
  -------------------------------------------------------------------    -------------------

                         (clock clk rise edge)       10.000    10.000 r  
                                                      0.000    10.000 r  clk (IN)
                         net (fo=227, unset)          0.510    10.510    clk
                         FDCE                                         r  r_udp_head_sum_reg[14]/C
                         clock pessimism              0.000    10.510    
                         clock uncertainty           -0.535     9.975    
                         FDCE (Setup_fdce_C_D)        0.049    10.024    r_udp_head_sum_reg[14]
  -------------------------------------------------------------------
                         required time                         10.024    
                         arrival time                          -4.236    
  -------------------------------------------------------------------
                         slack                                  5.788    

Slack (MET) :             5.790ns  (required time - arrival time)
  Source:                 u_tx_message_fifo/rd_ptr_reg[0]/C
                            (rising edge-triggered cell FDRE clocked by clk  {rise@0.000ns fall@5.000ns period=10.000ns})
  Destination:            r_udp_head_sum_reg[12]/D
                            (rising edge-triggered cell FDCE clocked by clk  {rise@0.000ns fall@5.000ns period=10.000ns})
  Path Group:             clk
  Path Type:              Setup (Max at Slow Process Corner)
  Requirement:            10.000ns  (clk rise@10.000ns - clk rise@0.000ns)
  Data Path Delay:        3.697ns  (logic 1.281ns (34.650%)  route 2.416ns (65.350%))
  Logic Levels:           7  (CARRY4=4 LUT6=2 RAMD32=1)
  Clock Path Skew:        -0.027ns (DCD - SCD + CPR)
    Destination Clock Delay (DCD):    0.510ns = ( 10.510 - 10.000 ) 
    Source Clock Delay      (SCD):    0.537ns
    Clock Pessimism Removal (CPR):    0.000ns
  Clock Uncertainty:      0.535ns  ((TSJ^2 + TIJ^2)^1/2 + DJ) / 2 + PE + UU
    Total System Jitter     (TSJ):    0.071ns
    Total Input Jitter      (TIJ):    0.000ns
    Discrete Jitter          (DJ):    0.000ns
    Phase Error              (PE):    0.000ns
    User Uncertainty         (UU):    0.500ns

    Location             Delay type                Incr(ns)  Path(ns)    Netlist Resource(s)
  -------------------------------------------------------------------    -------------------
                         (clock clk rise edge)        0.000     0.000 r  
                                                      0.000     0.000 r  clk (IN)
                         net (fo=227, unset)          0.537     0.537    u_tx_message_fifo/clk
                         FDRE                                         r  u_tx_message_fifo/rd_ptr_reg[0]/C
  -------------------------------------------------------------------    -------------------
                         FDRE (Prop_fdre_C_Q)         0.223     0.760 r  u_tx_message_fifo/rd_ptr_reg[0]/Q
                         net (fo=42, unplaced)        0.605     1.365    u_tx_message_fifo/mem_reg_0_15_18_23/ADDRA0
                         RAMD32 (Prop_ramd32_RADR0_O)
                                                      0.123     1.488 r  u_tx_message_fifo/mem_reg_0_15_18_23/RAMA_D1/O
                         net (fo=4, unplaced)         0.521     2.009    u_tx_message_fifo/p_0_in[3]
                         CARRY4 (Prop_carry4_DI[1]_CO[3])
                                                      0.250     2.259 r  u_tx_message_fifo/dout_data_reg[5]_i_10/CO[3]
                         net (fo=1, unplaced)         0.000     2.259    u_tx_message_fifo/dout_data_reg[5]_i_10_n_0
                         CARRY4 (Prop_carry4_CI_O[3])
                                                      0.155     2.414 r  u_tx_message_fifo/dout_data_reg[9]_i_10/O[3]
                         net (fo=3, unplaced)         0.512     2.926    u_tx_message_fifo/data32[7]
                         LUT6 (Prop_lut6_I3_O)        0.120     3.046 f  u_tx_message_fifo/r_udp_head_sum[8]_i_18/O
                         net (fo=1, unplaced)         0.270     3.316    u_tx_data_fifo/r_udp_head_sum_reg[11]_4
                         LUT6 (Prop_lut6_I5_O)        0.043     3.359 r  u_tx_data_fifo/r_udp_head_sum[8]_i_4/O
                         net (fo=2, unplaced)         0.508     3.867    u_tx_data_fifo/r_udp_head_sum[8]_i_4_n_0
                         CARRY4 (Prop_carry4_DI[1]_CO[3])
                                                      0.250     4.117 r  u_tx_data_fifo/r_udp_head_sum_reg[8]_i_1/CO[3]
                         net (fo=1, unplaced)         0.000     4.117    u_tx_data_fifo/r_udp_head_sum_reg[8]_i_1_n_0
                         CARRY4 (Prop_carry4_CI_O[0])
                                                      0.117     4.234 r  u_tx_data_fifo/r_udp_head_sum_reg[12]_i_1/O[0]
                         net (fo=1, unplaced)         0.000     4.234    u_tx_data_fifo_n_38
                         FDCE                                         r  r_udp_head_sum_reg[12]/D
  -------------------------------------------------------------------    -------------------

                         (clock clk rise edge)       10.000    10.000 r  
                                                      0.000    10.000 r  clk (IN)
                         net (fo=227, unset)          0.510    10.510    clk
                         FDCE                                         r  r_udp_head_sum_reg[12]/C
                         clock pessimism              0.000    10.510    
                         clock uncertainty           -0.535     9.975    
                         FDCE (Setup_fdce_C_D)        0.049    10.024    r_udp_head_sum_reg[12]
  -------------------------------------------------------------------
                         required time                         10.024    
                         arrival time                          -4.234    
  -------------------------------------------------------------------
                         slack                                  5.790    

Slack (MET) :             5.841ns  (required time - arrival time)
  Source:                 u_tx_message_fifo/rd_ptr_reg[0]/C
                            (rising edge-triggered cell FDRE clocked by clk  {rise@0.000ns fall@5.000ns period=10.000ns})
  Destination:            r_udp_head_sum_reg[9]/D
                            (rising edge-triggered cell FDCE clocked by clk  {rise@0.000ns fall@5.000ns period=10.000ns})
  Path Group:             clk
  Path Type:              Setup (Max at Slow Process Corner)
  Requirement:            10.000ns  (clk rise@10.000ns - clk rise@0.000ns)
  Data Path Delay:        3.646ns  (logic 1.230ns (33.736%)  route 2.416ns (66.264%))
  Logic Levels:           6  (CARRY4=3 LUT6=2 RAMD32=1)
  Clock Path Skew:        -0.027ns (DCD - SCD + CPR)
    Destination Clock Delay (DCD):    0.510ns = ( 10.510 - 10.000 ) 
    Source Clock Delay      (SCD):    0.537ns
    Clock Pessimism Removal (CPR):    0.000ns
  Clock Uncertainty:      0.535ns  ((TSJ^2 + TIJ^2)^1/2 + DJ) / 2 + PE + UU
    Total System Jitter     (TSJ):    0.071ns
    Total Input Jitter      (TIJ):    0.000ns
    Discrete Jitter          (DJ):    0.000ns
    Phase Error              (PE):    0.000ns
    User Uncertainty         (UU):    0.500ns

    Location             Delay type                Incr(ns)  Path(ns)    Netlist Resource(s)
  -------------------------------------------------------------------    -------------------
                         (clock clk rise edge)        0.000     0.000 r  
                                                      0.000     0.000 r  clk (IN)
                         net (fo=227, unset)          0.537     0.537    u_tx_message_fifo/clk
                         FDRE                                         r  u_tx_message_fifo/rd_ptr_reg[0]/C
  -------------------------------------------------------------------    -------------------
                         FDRE (Prop_fdre_C_Q)         0.223     0.760 r  u_tx_message_fifo/rd_ptr_reg[0]/Q
                         net (fo=42, unplaced)        0.605     1.365    u_tx_message_fifo/mem_reg_0_15_18_23/ADDRA0
                         RAMD32 (Prop_ramd32_RADR0_O)
                                                      0.123     1.488 r  u_tx_message_fifo/mem_reg_0_15_18_23/RAMA_D1/O
                         net (fo=4, unplaced)         0.521     2.009    u_tx_message_fifo/p_0_in[3]
                         CARRY4 (Prop_carry4_DI[1]_O[3])
                                                      0.298     2.307 r  u_tx_message_fifo/dout_data_reg[5]_i_10/O[3]
                         net (fo=3, unplaced)         0.512     2.819    u_tx_message_fifo/data32[3]
                         LUT6 (Prop_lut6_I3_O)        0.120     2.939 f  u_tx_message_fifo/r_udp_head_sum[4]_i_18/O
                         net (fo=1, unplaced)         0.270     3.209    u_tx_data_fifo/r_udp_head_sum_reg[7]_4
                         LUT6 (Prop_lut6_I5_O)        0.043     3.252 r  u_tx_data_fifo/r_udp_head_sum[4]_i_4/O
                         net (fo=2, unplaced)         0.508     3.760    u_tx_data_fifo/r_udp_head_sum[4]_i_4_n_0
                         CARRY4 (Prop_carry4_DI[1]_CO[3])
                                                      0.250     4.010 r  u_tx_data_fifo/r_udp_head_sum_reg[4]_i_1/CO[3]
                         net (fo=1, unplaced)         0.000     4.010    u_tx_data_fifo/r_udp_head_sum_reg[4]_i_1_n_0
                         CARRY4 (Prop_carry4_CI_O[1])
                                                      0.173     4.183 r  u_tx_data_fifo/r_udp_head_sum_reg[8]_i_1/O[1]
                         net (fo=1, unplaced)         0.000     4.183    u_tx_data_fifo_n_33
                         FDCE                                         r  r_udp_head_sum_reg[9]/D
  -------------------------------------------------------------------    -------------------

                         (clock clk rise edge)       10.000    10.000 r  
                                                      0.000    10.000 r  clk (IN)
                         net (fo=227, unset)          0.510    10.510    clk
                         FDCE                                         r  r_udp_head_sum_reg[9]/C
                         clock pessimism              0.000    10.510    
                         clock uncertainty           -0.535     9.975    
                         FDCE (Setup_fdce_C_D)        0.049    10.024    r_udp_head_sum_reg[9]
  -------------------------------------------------------------------
                         required time                         10.024    
                         arrival time                          -4.183    
  -------------------------------------------------------------------
                         slack                                  5.841    

Slack (MET) :             5.859ns  (required time - arrival time)
  Source:                 u_tx_message_fifo/rd_ptr_reg[0]/C
                            (rising edge-triggered cell FDRE clocked by clk  {rise@0.000ns fall@5.000ns period=10.000ns})
  Destination:            r_udp_head_sum_reg[11]/D
                            (rising edge-triggered cell FDCE clocked by clk  {rise@0.000ns fall@5.000ns period=10.000ns})
  Path Group:             clk
  Path Type:              Setup (Max at Slow Process Corner)
  Requirement:            10.000ns  (clk rise@10.000ns - clk rise@0.000ns)
  Data Path Delay:        3.628ns  (logic 1.212ns (33.407%)  route 2.416ns (66.593%))
  Logic Levels:           6  (CARRY4=3 LUT6=2 RAMD32=1)
  Clock Path Skew:        -0.027ns (DCD - SCD + CPR)
    Destination Clock Delay (DCD):    0.510ns = ( 10.510 - 10.000 ) 
    Source Clock Delay      (SCD):    0.537ns
    Clock Pessimism Removal (CPR):    0.000ns
  Clock Uncertainty:      0.535ns  ((TSJ^2 + TIJ^2)^1/2 + DJ) / 2 + PE + UU
    Total System Jitter     (TSJ):    0.071ns
    Total Input Jitter      (TIJ):    0.000ns
    Discrete Jitter          (DJ):    0.000ns
    Phase Error              (PE):    0.000ns
    User Uncertainty         (UU):    0.500ns

    Location             Delay type                Incr(ns)  Path(ns)    Netlist Resource(s)
  -------------------------------------------------------------------    -------------------
                         (clock clk rise edge)        0.000     0.000 r  
                                                      0.000     0.000 r  clk (IN)
                         net (fo=227, unset)          0.537     0.537    u_tx_message_fifo/clk
                         FDRE                                         r  u_tx_message_fifo/rd_ptr_reg[0]/C
  -------------------------------------------------------------------    -------------------
                         FDRE (Prop_fdre_C_Q)         0.223     0.760 r  u_tx_message_fifo/rd_ptr_reg[0]/Q
                         net (fo=42, unplaced)        0.605     1.365    u_tx_message_fifo/mem_reg_0_15_18_23/ADDRA0
                         RAMD32 (Prop_ramd32_RADR0_O)
                                                      0.123     1.488 r  u_tx_message_fifo/mem_reg_0_15_18_23/RAMA_D1/O
                         net (fo=4, unplaced)         0.521     2.009    u_tx_message_fifo/p_0_in[3]
                         CARRY4 (Prop_carry4_DI[1]_CO[3])
                                                      0.250     2.259 r  u_tx_message_fifo/dout_data_reg[5]_i_10/CO[3]
                         net (fo=1, unplaced)         0.000     2.259    u_tx_message_fifo/dout_data_reg[5]_i_10_n_0
                         CARRY4 (Prop_carry4_CI_O[3])
                                                      0.155     2.414 r  u_tx_message_fifo/dout_data_reg[9]_i_10/O[3]
                         net (fo=3, unplaced)         0.512     2.926    u_tx_message_fifo/data32[7]
                         LUT6 (Prop_lut6_I3_O)        0.120     3.046 f  u_tx_message_fifo/r_udp_head_sum[8]_i_18/O
                         net (fo=1, unplaced)         0.270     3.316    u_tx_data_fifo/r_udp_head_sum_reg[11]_4
                         LUT6 (Prop_lut6_I5_O)        0.043     3.359 r  u_tx_data_fifo/r_udp_head_sum[8]_i_4/O
                         net (fo=2, unplaced)         0.508     3.867    u_tx_data_fifo/r_udp_head_sum[8]_i_4_n_0
                         CARRY4 (Prop_carry4_DI[1]_O[3])
                                                      0.298     4.165 r  u_tx_data_fifo/r_udp_head_sum_reg[8]_i_1/O[3]
                         net (fo=1, unplaced)         0.000     4.165    u_tx_data_fifo_n_31
                         FDCE                                         r  r_udp_head_sum_reg[11]/D
  -------------------------------------------------------------------    -------------------

                         (clock clk rise edge)       10.000    10.000 r  
                                                      0.000    10.000 r  clk (IN)
                         net (fo=227, unset)          0.510    10.510    clk
                         FDCE                                         r  r_udp_head_sum_reg[11]/C
                         clock pessimism              0.000    10.510    
                         clock uncertainty           -0.535     9.975    
                         FDCE (Setup_fdce_C_D)        0.049    10.024    r_udp_head_sum_reg[11]
  -------------------------------------------------------------------
                         required time                         10.024    
                         arrival time                          -4.165    
  -------------------------------------------------------------------
                         slack                                  5.859    

Slack (MET) :             5.889ns  (required time - arrival time)
  Source:                 u_tx_message_fifo/rd_ptr_reg[0]/C
                            (rising edge-triggered cell FDRE clocked by clk  {rise@0.000ns fall@5.000ns period=10.000ns})
  Destination:            r_udp_head_sum_reg[10]/D
                            (rising edge-triggered cell FDCE clocked by clk  {rise@0.000ns fall@5.000ns period=10.000ns})
  Path Group:             clk
  Path Type:              Setup (Max at Slow Process Corner)
  Requirement:            10.000ns  (clk rise@10.000ns - clk rise@0.000ns)
  Data Path Delay:        3.598ns  (logic 1.182ns (32.852%)  route 2.416ns (67.148%))
  Logic Levels:           6  (CARRY4=3 LUT6=2 RAMD32=1)
  Clock Path Skew:        -0.027ns (DCD - SCD + CPR)
    Destination Clock Delay (DCD):    0.510ns = ( 10.510 - 10.000 ) 
    Source Clock Delay      (SCD):    0.537ns
    Clock Pessimism Removal (CPR):    0.000ns
  Clock Uncertainty:      0.535ns  ((TSJ^2 + TIJ^2)^1/2 + DJ) / 2 + PE + UU
    Total System Jitter     (TSJ):    0.071ns
    Total Input Jitter      (TIJ):    0.000ns
    Discrete Jitter          (DJ):    0.000ns
    Phase Error              (PE):    0.000ns
    User Uncertainty         (UU):    0.500ns

    Location             Delay type                Incr(ns)  Path(ns)    Netlist Resource(s)
  -------------------------------------------------------------------    -------------------
                         (clock clk rise edge)        0.000     0.000 r  
                                                      0.000     0.000 r  clk (IN)
                         net (fo=227, unset)          0.537     0.537    u_tx_message_fifo/clk
                         FDRE                                         r  u_tx_message_fifo/rd_ptr_reg[0]/C
  -------------------------------------------------------------------    -------------------
                         FDRE (Prop_fdre_C_Q)         0.223     0.760 r  u_tx_message_fifo/rd_ptr_reg[0]/Q
                         net (fo=42, unplaced)        0.605     1.365    u_tx_message_fifo/mem_reg_0_15_18_23/ADDRA0
                         RAMD32 (Prop_ramd32_RADR0_O)
                                                      0.123     1.488 r  u_tx_message_fifo/mem_reg_0_15_18_23/RAMA_D1/O
                         net (fo=4, unplaced)         0.521     2.009    u_tx_message_fifo/p_0_in[3]
                         CARRY4 (Prop_carry4_DI[1]_CO[3])
                                                      0.250     2.259 r  u_tx_message_fifo/dout_data_reg[5]_i_10/CO[3]
                         net (fo=1, unplaced)         0.000     2.259    u_tx_message_fifo/dout_data_reg[5]_i_10_n_0
                         CARRY4 (Prop_carry4_CI_O[3])
                                                      0.155     2.414 r  u_tx_message_fifo/dout_data_reg[9]_i_10/O[3]
                         net (fo=3, unplaced)         0.512     2.926    u_tx_message_fifo/data32[7]
                         LUT6 (Prop_lut6_I3_O)        0.120     3.046 f  u_tx_message_fifo/r_udp_head_sum[8]_i_18/O
                         net (fo=1, unplaced)         0.270     3.316    u_tx_data_fifo/r_udp_head_sum_reg[11]_4
                         LUT6 (Prop_lut6_I5_O)        0.043     3.359 r  u_tx_data_fifo/r_udp_head_sum[8]_i_4/O
                         net (fo=2, unplaced)         0.508     3.867    u_tx_data_fifo/r_udp_head_sum[8]_i_4_n_0
                         CARRY4 (Prop_carry4_DI[1]_O[2])
                                                      0.268     4.135 r  u_tx_data_fifo/r_udp_head_sum_reg[8]_i_1/O[2]
                         net (fo=1, unplaced)         0.000     4.135    u_tx_data_fifo_n_32
                         FDCE                                         r  r_udp_head_sum_reg[10]/D
  -------------------------------------------------------------------    -------------------

                         (clock clk rise edge)       10.000    10.000 r  
                                                      0.000    10.000 r  clk (IN)
                         net (fo=227, unset)          0.510    10.510    clk
                         FDCE                                         r  r_udp_head_sum_reg[10]/C
                         clock pessimism              0.000    10.510    
                         clock uncertainty           -0.535     9.975    
                         FDCE (Setup_fdce_C_D)        0.049    10.024    r_udp_head_sum_reg[10]
  -------------------------------------------------------------------
                         required time                         10.024    
                         arrival time                          -4.135    
  -------------------------------------------------------------------
                         slack                                  5.889    

Slack (MET) :             5.897ns  (required time - arrival time)
  Source:                 u_tx_message_fifo/rd_ptr_reg[0]/C
                            (rising edge-triggered cell FDRE clocked by clk  {rise@0.000ns fall@5.000ns period=10.000ns})
  Destination:            r_udp_head_sum_reg[8]/D
                            (rising edge-triggered cell FDCE clocked by clk  {rise@0.000ns fall@5.000ns period=10.000ns})
  Path Group:             clk
  Path Type:              Setup (Max at Slow Process Corner)
  Requirement:            10.000ns  (clk rise@10.000ns - clk rise@0.000ns)
  Data Path Delay:        3.590ns  (logic 1.174ns (32.702%)  route 2.416ns (67.298%))
  Logic Levels:           6  (CARRY4=3 LUT6=2 RAMD32=1)
  Clock Path Skew:        -0.027ns (DCD - SCD + CPR)
    Destination Clock Delay (DCD):    0.510ns = ( 10.510 - 10.000 ) 
    Source Clock Delay      (SCD):    0.537ns
    Clock Pessimism Removal (CPR):    0.000ns
  Clock Uncertainty:      0.535ns  ((TSJ^2 + TIJ^2)^1/2 + DJ) / 2 + PE + UU
    Total System Jitter     (TSJ):    0.071ns
    Total Input Jitter      (TIJ):    0.000ns
    Discrete Jitter          (DJ):    0.000ns
    Phase Error              (PE):    0.000ns
    User Uncertainty         (UU):    0.500ns

    Location             Delay type                Incr(ns)  Path(ns)    Netlist Resource(s)
  -------------------------------------------------------------------    -------------------
                         (clock clk rise edge)        0.000     0.000 r  
                                                      0.000     0.000 r  clk (IN)
                         net (fo=227, unset)          0.537     0.537    u_tx_message_fifo/clk
                         FDRE                                         r  u_tx_message_fifo/rd_ptr_reg[0]/C
  -------------------------------------------------------------------    -------------------
                         FDRE (Prop_fdre_C_Q)         0.223     0.760 r  u_tx_message_fifo/rd_ptr_reg[0]/Q
                         net (fo=42, unplaced)        0.605     1.365    u_tx_message_fifo/mem_reg_0_15_18_23/ADDRA0
                         RAMD32 (Prop_ramd32_RADR0_O)
                                                      0.123     1.488 r  u_tx_message_fifo/mem_reg_0_15_18_23/RAMA_D1/O
                         net (fo=4, unplaced)         0.521     2.009    u_tx_message_fifo/p_0_in[3]
                         CARRY4 (Prop_carry4_DI[1]_O[3])
                                                      0.298     2.307 r  u_tx_message_fifo/dout_data_reg[5]_i_10/O[3]
                         net (fo=3, unplaced)         0.512     2.819    u_tx_message_fifo/data32[3]
                         LUT6 (Prop_lut6_I3_O)        0.120     2.939 f  u_tx_message_fifo/r_udp_head_sum[4]_i_18/O
                         net (fo=1, unplaced)         0.270     3.209    u_tx_data_fifo/r_udp_head_sum_reg[7]_4
                         LUT6 (Prop_lut6_I5_O)        0.043     3.252 r  u_tx_data_fifo/r_udp_head_sum[4]_i_4/O
                         net (fo=2, unplaced)         0.508     3.760    u_tx_data_fifo/r_udp_head_sum[4]_i_4_n_0
                         CARRY4 (Prop_carry4_DI[1]_CO[3])
                                                      0.250     4.010 r  u_tx_data_fifo/r_udp_head_sum_reg[4]_i_1/CO[3]
                         net (fo=1, unplaced)         0.000     4.010    u_tx_data_fifo/r_udp_head_sum_reg[4]_i_1_n_0
                         CARRY4 (Prop_carry4_CI_O[0])
                                                      0.117     4.127 r  u_tx_data_fifo/r_udp_head_sum_reg[8]_i_1/O[0]
                         net (fo=1, unplaced)         0.000     4.127    u_tx_data_fifo_n_34
                         FDCE                                         r  r_udp_head_sum_reg[8]/D
  -------------------------------------------------------------------    -------------------

                         (clock clk rise edge)       10.000    10.000 r  
                                                      0.000    10.000 r  clk (IN)
                         net (fo=227, unset)          0.510    10.510    clk
                         FDCE                                         r  r_udp_head_sum_reg[8]/C
                         clock pessimism              0.000    10.510    
                         clock uncertainty           -0.535     9.975    
                         FDCE (Setup_fdce_C_D)        0.049    10.024    r_udp_head_sum_reg[8]
  -------------------------------------------------------------------
                         required time                         10.024    
                         arrival time                          -4.127    
  -------------------------------------------------------------------
                         slack                                  5.897    

Slack (MET) :             5.920ns  (required time - arrival time)
  Source:                 r_udp_head_sum_reg[7]/C
                            (rising edge-triggered cell FDCE clocked by clk  {rise@0.000ns fall@5.000ns period=10.000ns})
  Destination:            dout_data_reg[15]/D
                            (rising edge-triggered cell FDCE clocked by clk  {rise@0.000ns fall@5.000ns period=10.000ns})
  Path Group:             clk
  Path Type:              Setup (Max at Slow Process Corner)
  Requirement:            10.000ns  (clk rise@10.000ns - clk rise@0.000ns)
  Data Path Delay:        3.554ns  (logic 1.455ns (40.940%)  route 2.099ns (59.060%))
  Logic Levels:           7  (CARRY4=4 LUT6=3)
  Clock Path Skew:        -0.027ns (DCD - SCD + CPR)
    Destination Clock Delay (DCD):    0.510ns = ( 10.510 - 10.000 ) 
    Source Clock Delay      (SCD):    0.537ns
    Clock Pessimism Removal (CPR):    0.000ns
  Clock Uncertainty:      0.535ns  ((TSJ^2 + TIJ^2)^1/2 + DJ) / 2 + PE + UU
    Total System Jitter     (TSJ):    0.071ns
    Total Input Jitter      (TIJ):    0.000ns
    Discrete Jitter          (DJ):    0.000ns
    Phase Error              (PE):    0.000ns
    User Uncertainty         (UU):    0.500ns

    Location             Delay type                Incr(ns)  Path(ns)    Netlist Resource(s)
  -------------------------------------------------------------------    -------------------
                         (clock clk rise edge)        0.000     0.000 r  
                                                      0.000     0.000 r  clk (IN)
                         net (fo=227, unset)          0.537     0.537    clk
                         FDCE                                         r  r_udp_head_sum_reg[7]/C
  -------------------------------------------------------------------    -------------------
                         FDCE (Prop_fdce_C_Q)         0.223     0.760 r  r_udp_head_sum_reg[7]/Q
                         net (fo=2, unplaced)         0.679     1.439    r_udp_head_sum_reg[7]
                         CARRY4 (Prop_carry4_S[3]_CO[3])
                                                      0.311     1.750 r  dout_data_reg[7]_i_13/CO[3]
                         net (fo=1, unplaced)         0.000     1.750    dout_data_reg[7]_i_13_n_0
                         CARRY4 (Prop_carry4_CI_O[1])
                                                      0.173     1.923 r  dout_data_reg[11]_i_13/O[1]
                         net (fo=1, unplaced)         0.386     2.309    dout_data_reg[11]_i_13_n_6
                         CARRY4 (Prop_carry4_S[1]_CO[3])
                                                      0.387     2.696 r  dout_data_reg[11]_i_11/CO[3]
                         net (fo=1, unplaced)         0.000     2.696    dout_data_reg[11]_i_11_n_0
                         CARRY4 (Prop_carry4_CI_O[3])
                                                      0.155     2.851 f  dout_data_reg[15]_i_14/O[3]
                         net (fo=1, unplaced)         0.494     3.345    w_udp_head_check_f1[15]
                         LUT6 (Prop_lut6_I5_O)        0.120     3.465 r  dout_data[15]_i_10/O
                         net (fo=1, unplaced)         0.270     3.735    dout_data[15]_i_10_n_0
                         LUT6 (Prop_lut6_I5_O)        0.043     3.778 r  dout_data[15]_i_4/O
                         net (fo=1, unplaced)         0.270     4.048    u_tx_data_fifo/dout_data_reg[15]_0
                         LUT6 (Prop_lut6_I4_O)        0.043     4.091 r  u_tx_data_fifo/dout_data[15]_i_2/O
                         net (fo=1, unplaced)         0.000     4.091    p_0_out[15]
                         FDCE                                         r  dout_data_reg[15]/D
  -------------------------------------------------------------------    -------------------

                         (clock clk rise edge)       10.000    10.000 r  
                                                      0.000    10.000 r  clk (IN)
                         net (fo=227, unset)          0.510    10.510    clk
                         FDCE                                         r  dout_data_reg[15]/C
                         clock pessimism              0.000    10.510    
                         clock uncertainty           -0.535     9.975    
                         FDCE (Setup_fdce_C_D)        0.036    10.011    dout_data_reg[15]
  -------------------------------------------------------------------
                         required time                         10.011    
                         arrival time                          -4.091    
  -------------------------------------------------------------------
                         slack                                  5.920    

Slack (MET) :             5.966ns  (required time - arrival time)
  Source:                 u_tx_message_fifo/rd_ptr_reg[0]/C
                            (rising edge-triggered cell FDRE clocked by clk  {rise@0.000ns fall@5.000ns period=10.000ns})
  Destination:            r_udp_head_sum_reg[7]/D
                            (rising edge-triggered cell FDCE clocked by clk  {rise@0.000ns fall@5.000ns period=10.000ns})
  Path Group:             clk
  Path Type:              Setup (Max at Slow Process Corner)
  Requirement:            10.000ns  (clk rise@10.000ns - clk rise@0.000ns)
  Data Path Delay:        3.521ns  (logic 1.105ns (31.383%)  route 2.416ns (68.617%))
  Logic Levels:           5  (CARRY4=2 LUT6=2 RAMD32=1)
  Clock Path Skew:        -0.027ns (DCD - SCD + CPR)
    Destination Clock Delay (DCD):    0.510ns = ( 10.510 - 10.000 ) 
    Source Clock Delay      (SCD):    0.537ns
    Clock Pessimism Removal (CPR):    0.000ns
  Clock Uncertainty:      0.535ns  ((TSJ^2 + TIJ^2)^1/2 + DJ) / 2 + PE + UU
    Total System Jitter     (TSJ):    0.071ns
    Total Input Jitter      (TIJ):    0.000ns
    Discrete Jitter          (DJ):    0.000ns
    Phase Error              (PE):    0.000ns
    User Uncertainty         (UU):    0.500ns

    Location             Delay type                Incr(ns)  Path(ns)    Netlist Resource(s)
  -------------------------------------------------------------------    -------------------
                         (clock clk rise edge)        0.000     0.000 r  
                                                      0.000     0.000 r  clk (IN)
                         net (fo=227, unset)          0.537     0.537    u_tx_message_fifo/clk
                         FDRE                                         r  u_tx_message_fifo/rd_ptr_reg[0]/C
  -------------------------------------------------------------------    -------------------
                         FDRE (Prop_fdre_C_Q)         0.223     0.760 r  u_tx_message_fifo/rd_ptr_reg[0]/Q
                         net (fo=42, unplaced)        0.605     1.365    u_tx_message_fifo/mem_reg_0_15_18_23/ADDRA0
                         RAMD32 (Prop_ramd32_RADR0_O)
                                                      0.123     1.488 r  u_tx_message_fifo/mem_reg_0_15_18_23/RAMA_D1/O
                         net (fo=4, unplaced)         0.521     2.009    u_tx_message_fifo/p_0_in[3]
                         CARRY4 (Prop_carry4_DI[1]_O[3])
                                                      0.298     2.307 r  u_tx_message_fifo/dout_data_reg[5]_i_10/O[3]
                         net (fo=3, unplaced)         0.512     2.819    u_tx_message_fifo/data32[3]
                         LUT6 (Prop_lut6_I3_O)        0.120     2.939 f  u_tx_message_fifo/r_udp_head_sum[4]_i_18/O
                         net (fo=1, unplaced)         0.270     3.209    u_tx_data_fifo/r_udp_head_sum_reg[7]_4
                         LUT6 (Prop_lut6_I5_O)        0.043     3.252 r  u_tx_data_fifo/r_udp_head_sum[4]_i_4/O
                         net (fo=2, unplaced)         0.508     3.760    u_tx_data_fifo/r_udp_head_sum[4]_i_4_n_0
                         CARRY4 (Prop_carry4_DI[1]_O[3])
                                                      0.298     4.058 r  u_tx_data_fifo/r_udp_head_sum_reg[4]_i_1/O[3]
                         net (fo=1, unplaced)         0.000     4.058    u_tx_data_fifo_n_27
                         FDCE                                         r  r_udp_head_sum_reg[7]/D
  -------------------------------------------------------------------    -------------------

                         (clock clk rise edge)       10.000    10.000 r  
                                                      0.000    10.000 r  clk (IN)
                         net (fo=227, unset)          0.510    10.510    clk
                         FDCE                                         r  r_udp_head_sum_reg[7]/C
                         clock pessimism              0.000    10.510    
                         clock uncertainty           -0.535     9.975    
                         FDCE (Setup_fdce_C_D)        0.049    10.024    r_udp_head_sum_reg[7]
  -------------------------------------------------------------------
                         required time                         10.024    
                         arrival time                          -4.058    
  -------------------------------------------------------------------
                         slack                                  5.966    

Slack (MET) :             5.977ns  (required time - arrival time)
  Source:                 r_udp_head_sum_reg[7]/C
                            (rising edge-triggered cell FDCE clocked by clk  {rise@0.000ns fall@5.000ns period=10.000ns})
  Destination:            dout_data_reg[11]/D
                            (rising edge-triggered cell FDCE clocked by clk  {rise@0.000ns fall@5.000ns period=10.000ns})
  Path Group:             clk
  Path Type:              Setup (Max at Slow Process Corner)
  Requirement:            10.000ns  (clk rise@10.000ns - clk rise@0.000ns)
  Data Path Delay:        3.497ns  (logic 1.593ns (45.553%)  route 1.904ns (54.447%))
  Logic Levels:           11  (CARRY4=7 LUT2=1 LUT6=3)
  Clock Path Skew:        -0.027ns (DCD - SCD + CPR)
    Destination Clock Delay (DCD):    0.510ns = ( 10.510 - 10.000 ) 
    Source Clock Delay      (SCD):    0.537ns
    Clock Pessimism Removal (CPR):    0.000ns
  Clock Uncertainty:      0.535ns  ((TSJ^2 + TIJ^2)^1/2 + DJ) / 2 + PE + UU
    Total System Jitter     (TSJ):    0.071ns
    Total Input Jitter      (TIJ):    0.000ns
    Discrete Jitter          (DJ):    0.000ns
    Phase Error              (PE):    0.000ns
    User Uncertainty         (UU):    0.500ns

    Location             Delay type                Incr(ns)  Path(ns)    Netlist Resource(s)
  -------------------------------------------------------------------    -------------------
                         (clock clk rise edge)        0.000     0.000 r  
                                                      0.000     0.000 r  clk (IN)
                         net (fo=227, unset)          0.537     0.537    clk
                         FDCE                                         r  r_udp_head_sum_reg[7]/C
  -------------------------------------------------------------------    -------------------
                         FDCE (Prop_fdce_C_Q)         0.223     0.760 r  r_udp_head_sum_reg[7]/Q
                         net (fo=2, unplaced)         0.679     1.439    r_udp_head_sum_reg[7]
                         CARRY4 (Prop_carry4_S[3]_CO[3])
                                                      0.311     1.750 r  dout_data_reg[7]_i_13/CO[3]
                         net (fo=1, unplaced)         0.000     1.750    dout_data_reg[7]_i_13_n_0
                         CARRY4 (Prop_carry4_CI_CO[3])
                                                      0.053     1.803 r  dout_data_reg[11]_i_13/CO[3]
                         net (fo=1, unplaced)         0.000     1.803    dout_data_reg[11]_i_13_n_0
                         CARRY4 (Prop_carry4_CI_CO[3])
                                                      0.053     1.856 r  dout_data_reg[15]_i_16/CO[3]
                         net (fo=1, unplaced)         0.000     1.856    dout_data_reg[15]_i_16_n_0
                         CARRY4 (Prop_carry4_CI_CO[0])
                                                      0.152     2.008 r  dout_data_reg[3]_i_22/CO[0]
                         net (fo=1, unplaced)         0.191     2.199    dout_data_reg[3]_i_22_n_3
                         LUT2 (Prop_lut2_I1_O)        0.128     2.327 r  dout_data[3]_i_15/O
                         net (fo=1, unplaced)         0.000     2.327    dout_data[3]_i_15_n_0
                         CARRY4 (Prop_carry4_S[0]_CO[3])
                                                      0.259     2.586 r  dout_data_reg[3]_i_12/CO[3]
                         net (fo=1, unplaced)         0.000     2.586    dout_data_reg[3]_i_12_n_0
                         CARRY4 (Prop_carry4_CI_CO[3])
                                                      0.053     2.639 r  dout_data_reg[7]_i_11/CO[3]
                         net (fo=1, unplaced)         0.000     2.639    dout_data_reg[7]_i_11_n_0
                         CARRY4 (Prop_carry4_CI_O[3])
                                                      0.155     2.794 f  dout_data_reg[11]_i_11/O[3]
                         net (fo=1, unplaced)         0.494     3.288    w_udp_head_check_f1[11]
                         LUT6 (Prop_lut6_I5_O)        0.120     3.408 r  dout_data[11]_i_7/O
                         net (fo=1, unplaced)         0.270     3.678    dout_data[11]_i_7_n_0
                         LUT6 (Prop_lut6_I5_O)        0.043     3.721 f  dout_data[11]_i_2/O
                         net (fo=1, unplaced)         0.270     3.991    u_tx_data_fifo/dout_data_reg[11]
                         LUT6 (Prop_lut6_I3_O)        0.043     4.034 r  u_tx_data_fifo/dout_data[11]_i_1/O
                         net (fo=1, unplaced)         0.000     4.034    p_0_out[11]
                         FDCE                                         r  dout_data_reg[11]/D
  -------------------------------------------------------------------    -------------------

                         (clock clk rise edge)       10.000    10.000 r  
                                                      0.000    10.000 r  clk (IN)
                         net (fo=227, unset)          0.510    10.510    clk
                         FDCE                                         r  dout_data_reg[11]/C
                         clock pessimism              0.000    10.510    
                         clock uncertainty           -0.535     9.975    
                         FDCE (Setup_fdce_C_D)        0.036    10.011    dout_data_reg[11]
  -------------------------------------------------------------------
                         required time                         10.011    
                         arrival time                          -4.034    
  -------------------------------------------------------------------
                         slack                                  5.977    

Slack (MET) :             5.996ns  (required time - arrival time)
  Source:                 u_tx_message_fifo/rd_ptr_reg[0]/C
                            (rising edge-triggered cell FDRE clocked by clk  {rise@0.000ns fall@5.000ns period=10.000ns})
  Destination:            r_udp_head_sum_reg[6]/D
                            (rising edge-triggered cell FDCE clocked by clk  {rise@0.000ns fall@5.000ns period=10.000ns})
  Path Group:             clk
  Path Type:              Setup (Max at Slow Process Corner)
  Requirement:            10.000ns  (clk rise@10.000ns - clk rise@0.000ns)
  Data Path Delay:        3.491ns  (logic 1.075ns (30.793%)  route 2.416ns (69.207%))
  Logic Levels:           5  (CARRY4=2 LUT6=2 RAMD32=1)
  Clock Path Skew:        -0.027ns (DCD - SCD + CPR)
    Destination Clock Delay (DCD):    0.510ns = ( 10.510 - 10.000 ) 
    Source Clock Delay      (SCD):    0.537ns
    Clock Pessimism Removal (CPR):    0.000ns
  Clock Uncertainty:      0.535ns  ((TSJ^2 + TIJ^2)^1/2 + DJ) / 2 + PE + UU
    Total System Jitter     (TSJ):    0.071ns
    Total Input Jitter      (TIJ):    0.000ns
    Discrete Jitter          (DJ):    0.000ns
    Phase Error              (PE):    0.000ns
    User Uncertainty         (UU):    0.500ns

    Location             Delay type                Incr(ns)  Path(ns)    Netlist Resource(s)
  -------------------------------------------------------------------    -------------------
                         (clock clk rise edge)        0.000     0.000 r  
                                                      0.000     0.000 r  clk (IN)
                         net (fo=227, unset)          0.537     0.537    u_tx_message_fifo/clk
                         FDRE                                         r  u_tx_message_fifo/rd_ptr_reg[0]/C
  -------------------------------------------------------------------    -------------------
                         FDRE (Prop_fdre_C_Q)         0.223     0.760 r  u_tx_message_fifo/rd_ptr_reg[0]/Q
                         net (fo=42, unplaced)        0.605     1.365    u_tx_message_fifo/mem_reg_0_15_18_23/ADDRA0
                         RAMD32 (Prop_ramd32_RADR0_O)
                                                      0.123     1.488 r  u_tx_message_fifo/mem_reg_0_15_18_23/RAMA_D1/O
                         net (fo=4, unplaced)         0.521     2.009    u_tx_message_fifo/p_0_in[3]
                         CARRY4 (Prop_carry4_DI[1]_O[3])
                                                      0.298     2.307 r  u_tx_message_fifo/dout_data_reg[5]_i_10/O[3]
                         net (fo=3, unplaced)         0.512     2.819    u_tx_message_fifo/data32[3]
                         LUT6 (Prop_lut6_I3_O)        0.120     2.939 f  u_tx_message_fifo/r_udp_head_sum[4]_i_18/O
                         net (fo=1, unplaced)         0.270     3.209    u_tx_data_fifo/r_udp_head_sum_reg[7]_4
                         LUT6 (Prop_lut6_I5_O)        0.043     3.252 r  u_tx_data_fifo/r_udp_head_sum[4]_i_4/O
                         net (fo=2, unplaced)         0.508     3.760    u_tx_data_fifo/r_udp_head_sum[4]_i_4_n_0
                         CARRY4 (Prop_carry4_DI[1]_O[2])
                                                      0.268     4.028 r  u_tx_data_fifo/r_udp_head_sum_reg[4]_i_1/O[2]
                         net (fo=1, unplaced)         0.000     4.028    u_tx_data_fifo_n_28
                         FDCE                                         r  r_udp_head_sum_reg[6]/D
  -------------------------------------------------------------------    -------------------

                         (clock clk rise edge)       10.000    10.000 r  
                                                      0.000    10.000 r  clk (IN)
                         net (fo=227, unset)          0.510    10.510    clk
                         FDCE                                         r  r_udp_head_sum_reg[6]/C
                         clock pessimism              0.000    10.510    
                         clock uncertainty           -0.535     9.975    
                         FDCE (Setup_fdce_C_D)        0.049    10.024    r_udp_head_sum_reg[6]
  -------------------------------------------------------------------
                         required time                         10.024    
                         arrival time                          -4.028    
  -------------------------------------------------------------------
                         slack                                  5.996    

Slack (MET) :             6.030ns  (required time - arrival time)
  Source:                 r_udp_head_sum_reg[7]/C
                            (rising edge-triggered cell FDCE clocked by clk  {rise@0.000ns fall@5.000ns period=10.000ns})
  Destination:            dout_data_reg[7]/D
                            (rising edge-triggered cell FDCE clocked by clk  {rise@0.000ns fall@5.000ns period=10.000ns})
  Path Group:             clk
  Path Type:              Setup (Max at Slow Process Corner)
  Requirement:            10.000ns  (clk rise@10.000ns - clk rise@0.000ns)
  Data Path Delay:        3.444ns  (logic 1.540ns (44.715%)  route 1.904ns (55.285%))
  Logic Levels:           10  (CARRY4=6 LUT2=1 LUT6=3)
  Clock Path Skew:        -0.027ns (DCD - SCD + CPR)
    Destination Clock Delay (DCD):    0.510ns = ( 10.510 - 10.000 ) 
    Source Clock Delay      (SCD):    0.537ns
    Clock Pessimism Removal (CPR):    0.000ns
  Clock Uncertainty:      0.535ns  ((TSJ^2 + TIJ^2)^1/2 + DJ) / 2 + PE + UU
    Total System Jitter     (TSJ):    0.071ns
    Total Input Jitter      (TIJ):    0.000ns
    Discrete Jitter          (DJ):    0.000ns
    Phase Error              (PE):    0.000ns
    User Uncertainty         (UU):    0.500ns

    Location             Delay type                Incr(ns)  Path(ns)    Netlist Resource(s)
  -------------------------------------------------------------------    -------------------
                         (clock clk rise edge)        0.000     0.000 r  
                                                      0.000     0.000 r  clk (IN)
                         net (fo=227, unset)          0.537     0.537    clk
                         FDCE                                         r  r_udp_head_sum_reg[7]/C
  -------------------------------------------------------------------    -------------------
                         FDCE (Prop_fdce_C_Q)         0.223     0.760 r  r_udp_head_sum_reg[7]/Q
                         net (fo=2, unplaced)         0.679     1.439    r_udp_head_sum_reg[7]
                         CARRY4 (Prop_carry4_S[3]_CO[3])
                                                      0.311     1.750 r  dout_data_reg[7]_i_13/CO[3]
                         net (fo=1, unplaced)         0.000     1.750    dout_data_reg[7]_i_13_n_0
                         CARRY4 (Prop_carry4_CI_CO[3])
                                                      0.053     1.803 r  dout_data_reg[11]_i_13/CO[3]
                         net (fo=1, unplaced)         0.000     1.803    dout_data_reg[11]_i_13_n_0
                         CARRY4 (Prop_carry4_CI_CO[3])
                                                      0.053     1.856 r  dout_data_reg[15]_i_16/CO[3]
                         net (fo=1, unplaced)         0.000     1.856    dout_data_reg[15]_i_16_n_0
                         CARRY4 (Prop_carry4_CI_CO[0])
                                                      0.152     2.008 r  dout_data_reg[3]_i_22/CO[0]
                         net (fo=1, unplaced)         0.191     2.199    dout_data_reg[3]_i_22_n_3
                         LUT2 (Prop_lut2_I1_O)        0.128     2.327 r  dout_data[3]_i_15/O
                         net (fo=1, unplaced)         0.000     2.327    dout_data[3]_i_15_n_0
                         CARRY4 (Prop_carry4_S[0]_CO[3])
                                                      0.259     2.586 r  dout_data_reg[3]_i_12/CO[3]
                         net (fo=1, unplaced)         0.000     2.586    dout_data_reg[3]_i_12_n_0
                         CARRY4 (Prop_carry4_CI_O[3])
                                                      0.155     2.741 f  dout_data_reg[7]_i_11/O[3]
                         net (fo=1, unplaced)         0.494     3.235    w_udp_head_check_f1[7]
                         LUT6 (Prop_lut6_I5_O)        0.120     3.355 r  dout_data[7]_i_9/O
                         net (fo=1, unplaced)         0.270     3.625    dout_data[7]_i_9_n_0
                         LUT6 (Prop_lut6_I5_O)        0.043     3.668 r  dout_data[7]_i_3/O
                         net (fo=1, unplaced)         0.270     3.938    u_tx_data_fifo/dout_data_reg[7]_0
                         LUT6 (Prop_lut6_I4_O)        0.043     3.981 r  u_tx_data_fifo/dout_data[7]_i_1/O
                         net (fo=1, unplaced)         0.000     3.981    p_0_out[7]
                         FDCE                                         r  dout_data_reg[7]/D
  -------------------------------------------------------------------    -------------------

                         (clock clk rise edge)       10.000    10.000 r  
                                                      0.000    10.000 r  clk (IN)
                         net (fo=227, unset)          0.510    10.510    clk
                         FDCE                                         r  dout_data_reg[7]/C
                         clock pessimism              0.000    10.510    
                         clock uncertainty           -0.535     9.975    
                         FDCE (Setup_fdce_C_D)        0.036    10.011    dout_data_reg[7]
  -------------------------------------------------------------------
                         required time                         10.011    
                         arrival time                          -3.981    
  -------------------------------------------------------------------
                         slack                                  6.030    

Slack (MET) :             6.148ns  (required time - arrival time)
  Source:                 r_ip_head_sum_reg[7]/C
                            (rising edge-triggered cell FDCE clocked by clk  {rise@0.000ns fall@5.000ns period=10.000ns})
  Destination:            dout_data_reg[3]/D
                            (rising edge-triggered cell FDCE clocked by clk  {rise@0.000ns fall@5.000ns period=10.000ns})
  Path Group:             clk
  Path Type:              Setup (Max at Slow Process Corner)
  Requirement:            10.000ns  (clk rise@10.000ns - clk rise@0.000ns)
  Data Path Delay:        3.326ns  (logic 1.422ns (42.754%)  route 1.904ns (57.246%))
  Logic Levels:           9  (CARRY4=5 LUT2=1 LUT5=1 LUT6=2)
  Clock Path Skew:        -0.027ns (DCD - SCD + CPR)
    Destination Clock Delay (DCD):    0.510ns = ( 10.510 - 10.000 ) 
    Source Clock Delay      (SCD):    0.537ns
    Clock Pessimism Removal (CPR):    0.000ns
  Clock Uncertainty:      0.535ns  ((TSJ^2 + TIJ^2)^1/2 + DJ) / 2 + PE + UU
    Total System Jitter     (TSJ):    0.071ns
    Total Input Jitter      (TIJ):    0.000ns
    Discrete Jitter          (DJ):    0.000ns
    Phase Error              (PE):    0.000ns
    User Uncertainty         (UU):    0.500ns

    Location             Delay type                Incr(ns)  Path(ns)    Netlist Resource(s)
  -------------------------------------------------------------------    -------------------
                         (clock clk rise edge)        0.000     0.000 r  
                                                      0.000     0.000 r  clk (IN)
                         net (fo=227, unset)          0.537     0.537    clk
                         FDCE                                         r  r_ip_head_sum_reg[7]/C
  -------------------------------------------------------------------    -------------------
                         FDCE (Prop_fdce_C_Q)         0.223     0.760 r  r_ip_head_sum_reg[7]/Q
                         net (fo=2, unplaced)         0.679     1.439    r_ip_head_sum_reg_n_0_[7]
                         CARRY4 (Prop_carry4_S[3]_CO[3])
                                                      0.311     1.750 r  dout_data_reg[7]_i_12/CO[3]
                         net (fo=1, unplaced)         0.000     1.750    dout_data_reg[7]_i_12_n_0
                         CARRY4 (Prop_carry4_CI_CO[3])
                                                      0.053     1.803 r  dout_data_reg[11]_i_12/CO[3]
                         net (fo=1, unplaced)         0.000     1.803    dout_data_reg[11]_i_12_n_0
                         CARRY4 (Prop_carry4_CI_CO[3])
                                                      0.053     1.856 r  dout_data_reg[15]_i_15/CO[3]
                         net (fo=1, unplaced)         0.000     1.856    dout_data_reg[15]_i_15_n_0
                         CARRY4 (Prop_carry4_CI_CO[0])
                                                      0.152     2.008 r  dout_data_reg[3]_i_27/CO[0]
                         net (fo=1, unplaced)         0.191     2.199    dout_data_reg[3]_i_27_n_3
                         LUT2 (Prop_lut2_I1_O)        0.128     2.327 r  dout_data[3]_i_17/O
                         net (fo=1, unplaced)         0.000     2.327    dout_data[3]_i_17_n_0
                         CARRY4 (Prop_carry4_S[0]_O[3])
                                                      0.296     2.623 f  dout_data_reg[3]_i_13/O[3]
                         net (fo=1, unplaced)         0.494     3.117    w_ip_head_check_f1[3]
                         LUT5 (Prop_lut5_I4_O)        0.120     3.237 r  dout_data[3]_i_9/O
                         net (fo=1, unplaced)         0.270     3.507    dout_data[3]_i_9_n_0
                         LUT6 (Prop_lut6_I1_O)        0.043     3.550 r  dout_data[3]_i_5/O
                         net (fo=1, unplaced)         0.270     3.820    u_tx_data_fifo/dout_data_reg[3]_2
                         LUT6 (Prop_lut6_I4_O)        0.043     3.863 r  u_tx_data_fifo/dout_data[3]_i_1/O
                         net (fo=1, unplaced)         0.000     3.863    p_0_out[3]
                         FDCE                                         r  dout_data_reg[3]/D
  -------------------------------------------------------------------    -------------------

                         (clock clk rise edge)       10.000    10.000 r  
                                                      0.000    10.000 r  clk (IN)
                         net (fo=227, unset)          0.510    10.510    clk
                         FDCE                                         r  dout_data_reg[3]/C
                         clock pessimism              0.000    10.510    
                         clock uncertainty           -0.535     9.975    
                         FDCE (Setup_fdce_C_D)        0.036    10.011    dout_data_reg[3]
  -------------------------------------------------------------------
                         required time                         10.011    
                         arrival time                          -3.863    
  -------------------------------------------------------------------
                         slack                                  6.148    

Slack (MET) :             6.151ns  (required time - arrival time)
  Source:                 u_tx_message_fifo/rd_ptr_reg[0]/C
                            (rising edge-triggered cell FDRE clocked by clk  {rise@0.000ns fall@5.000ns period=10.000ns})
  Destination:            r_ip_head_sum_reg[17]/D
                            (rising edge-triggered cell FDCE clocked by clk  {rise@0.000ns fall@5.000ns period=10.000ns})
  Path Group:             clk
  Path Type:              Setup (Max at Slow Process Corner)
  Requirement:            10.000ns  (clk rise@10.000ns - clk rise@0.000ns)
  Data Path Delay:        3.336ns  (logic 1.430ns (42.866%)  route 1.906ns (57.134%))
  Logic Levels:           8  (CARRY4=5 LUT4=1 LUT6=1 RAMD32=1)
  Clock Path Skew:        -0.027ns (DCD - SCD + CPR)
    Destination Clock Delay (DCD):    0.510ns = ( 10.510 - 10.000 ) 
    Source Clock Delay      (SCD):    0.537ns
    Clock Pessimism Removal (CPR):    0.000ns
  Clock Uncertainty:      0.535ns  ((TSJ^2 + TIJ^2)^1/2 + DJ) / 2 + PE + UU
    Total System Jitter     (TSJ):    0.071ns
    Total Input Jitter      (TIJ):    0.000ns
    Discrete Jitter          (DJ):    0.000ns
    Phase Error              (PE):    0.000ns
    User Uncertainty         (UU):    0.500ns

    Location             Delay type                Incr(ns)  Path(ns)    Netlist Resource(s)
  -------------------------------------------------------------------    -------------------
                         (clock clk rise edge)        0.000     0.000 r  
                                                      0.000     0.000 r  clk (IN)
                         net (fo=227, unset)          0.537     0.537    u_tx_message_fifo/clk
                         FDRE                                         r  u_tx_message_fifo/rd_ptr_reg[0]/C
  -------------------------------------------------------------------    -------------------
                         FDRE (Prop_fdre_C_Q)         0.223     0.760 r  u_tx_message_fifo/rd_ptr_reg[0]/Q
                         net (fo=42, unplaced)        0.605     1.365    u_tx_message_fifo/mem_reg_0_15_18_23/ADDRA0
                         RAMD32 (Prop_ramd32_RADR0_O)
                                                      0.127     1.492 r  u_tx_message_fifo/mem_reg_0_15_18_23/RAMA/O
                         net (fo=3, unplaced)         0.515     2.007    u_tx_message_fifo/p_0_in[2]
                         CARRY4 (Prop_carry4_DI[1]_CO[3])
                                                      0.250     2.257 r  u_tx_message_fifo/dout_data_reg[4]_i_10/CO[3]
                         net (fo=1, unplaced)         0.000     2.257    u_tx_message_fifo/dout_data_reg[4]_i_10_n_0
                         CARRY4 (Prop_carry4_CI_CO[3])
                                                      0.053     2.310 r  u_tx_message_fifo/dout_data_reg[8]_i_10/CO[3]
                         net (fo=1, unplaced)         0.000     2.310    u_tx_message_fifo/dout_data_reg[8]_i_10_n_0
                         CARRY4 (Prop_carry4_CI_O[3])
                                                      0.155     2.465 r  u_tx_message_fifo/dout_data_reg[12]_i_10/O[3]
                         net (fo=2, unplaced)         0.505     2.970    data1[12]
                         LUT6 (Prop_lut6_I2_O)        0.120     3.090 r  r_ip_head_sum[15]_i_16/O
                         net (fo=2, unplaced)         0.281     3.371    u_tx_data_fifo/r_ip_head_sum_reg[15]_6
                         LUT4 (Prop_lut4_I0_O)        0.049     3.420 r  u_tx_data_fifo/r_ip_head_sum[15]_i_5/O
                         net (fo=1, unplaced)         0.000     3.420    u_tx_data_fifo/r_ip_head_sum[15]_i_5_n_0
                         CARRY4 (Prop_carry4_DI[0]_CO[3])
                                                      0.280     3.700 r  u_tx_data_fifo/r_ip_head_sum_reg[15]_i_1/CO[3]
                         net (fo=1, unplaced)         0.000     3.700    u_tx_data_fifo/r_ip_head_sum_reg[15]_i_1_n_0
                         CARRY4 (Prop_carry4_CI_O[1])
                                                      0.173     3.873 r  u_tx_data_fifo/r_ip_head_sum_reg[19]_i_2/O[1]
                         net (fo=1, unplaced)         0.000     3.873    u_tx_data_fifo_n_45
                         FDCE                                         r  r_ip_head_sum_reg[17]/D
  -------------------------------------------------------------------    -------------------

                         (clock clk rise edge)       10.000    10.000 r  
                                                      0.000    10.000 r  clk (IN)
                         net (fo=227, unset)          0.510    10.510    clk
                         FDCE                                         r  r_ip_head_sum_reg[17]/C
                         clock pessimism              0.000    10.510    
                         clock uncertainty           -0.535     9.975    
                         FDCE (Setup_fdce_C_D)        0.049    10.024    r_ip_head_sum_reg[17]
  -------------------------------------------------------------------
                         required time                         10.024    
                         arrival time                          -3.873    
  -------------------------------------------------------------------
                         slack                                  6.151    

Slack (MET) :             6.158ns  (required time - arrival time)
  Source:                 u_tx_message_fifo/rd_ptr_reg[0]/C
                            (rising edge-triggered cell FDRE clocked by clk  {rise@0.000ns fall@5.000ns period=10.000ns})
  Destination:            dout_data_reg[12]/D
                            (rising edge-triggered cell FDCE clocked by clk  {rise@0.000ns fall@5.000ns period=10.000ns})
  Path Group:             clk
  Path Type:              Setup (Max at Slow Process Corner)
  Requirement:            10.000ns  (clk rise@10.000ns - clk rise@0.000ns)
  Data Path Delay:        3.316ns  (logic 1.014ns (30.579%)  route 2.302ns (69.421%))
  Logic Levels:           7  (CARRY4=3 LUT6=3 RAMD32=1)
  Clock Path Skew:        -0.027ns (DCD - SCD + CPR)
    Destination Clock Delay (DCD):    0.510ns = ( 10.510 - 10.000 ) 
    Source Clock Delay      (SCD):    0.537ns
    Clock Pessimism Removal (CPR):    0.000ns
  Clock Uncertainty:      0.535ns  ((TSJ^2 + TIJ^2)^1/2 + DJ) / 2 + PE + UU
    Total System Jitter     (TSJ):    0.071ns
    Total Input Jitter      (TIJ):    0.000ns
    Discrete Jitter          (DJ):    0.000ns
    Phase Error              (PE):    0.000ns
    User Uncertainty         (UU):    0.500ns

    Location             Delay type                Incr(ns)  Path(ns)    Netlist Resource(s)
  -------------------------------------------------------------------    -------------------
                         (clock clk rise edge)        0.000     0.000 r  
                                                      0.000     0.000 r  clk (IN)
                         net (fo=227, unset)          0.537     0.537    u_tx_message_fifo/clk
                         FDRE                                         r  u_tx_message_fifo/rd_ptr_reg[0]/C
  -------------------------------------------------------------------    -------------------
                         FDRE (Prop_fdre_C_Q)         0.223     0.760 r  u_tx_message_fifo/rd_ptr_reg[0]/Q
                         net (fo=42, unplaced)        0.605     1.365    u_tx_message_fifo/mem_reg_0_15_18_23/ADDRA0
                         RAMD32 (Prop_ramd32_RADR0_O)
                                                      0.127     1.492 r  u_tx_message_fifo/mem_reg_0_15_18_23/RAMA/O
                         net (fo=3, unplaced)         0.515     2.007    u_tx_message_fifo/p_0_in[2]
                         CARRY4 (Prop_carry4_DI[1]_CO[3])
                                                      0.250     2.257 r  u_tx_message_fifo/dout_data_reg[4]_i_10/CO[3]
                         net (fo=1, unplaced)         0.000     2.257    u_tx_message_fifo/dout_data_reg[4]_i_10_n_0
                         CARRY4 (Prop_carry4_CI_CO[3])
                                                      0.053     2.310 r  u_tx_message_fifo/dout_data_reg[8]_i_10/CO[3]
                         net (fo=1, unplaced)         0.000     2.310    u_tx_message_fifo/dout_data_reg[8]_i_10_n_0
                         CARRY4 (Prop_carry4_CI_O[3])
                                                      0.155     2.465 r  u_tx_message_fifo/dout_data_reg[12]_i_10/O[3]
                         net (fo=2, unplaced)         0.505     2.970    data1[12]
                         LUT6 (Prop_lut6_I4_O)        0.120     3.090 f  dout_data[12]_i_8/O
                         net (fo=1, unplaced)         0.407     3.497    dout_data[12]_i_8_n_0
                         LUT6 (Prop_lut6_I2_O)        0.043     3.540 r  dout_data[12]_i_3/O
                         net (fo=1, unplaced)         0.270     3.810    u_tx_data_fifo/dout_data_reg[12]_0
                         LUT6 (Prop_lut6_I4_O)        0.043     3.853 r  u_tx_data_fifo/dout_data[12]_i_1/O
                         net (fo=1, unplaced)         0.000     3.853    p_0_out[12]
                         FDCE                                         r  dout_data_reg[12]/D
  -------------------------------------------------------------------    -------------------

                         (clock clk rise edge)       10.000    10.000 r  
                                                      0.000    10.000 r  clk (IN)
                         net (fo=227, unset)          0.510    10.510    clk
                         FDCE                                         r  dout_data_reg[12]/C
                         clock pessimism              0.000    10.510    
                         clock uncertainty           -0.535     9.975    
                         FDCE (Setup_fdce_C_D)        0.036    10.011    dout_data_reg[12]
  -------------------------------------------------------------------
                         required time                         10.011    
                         arrival time                          -3.853    
  -------------------------------------------------------------------
                         slack                                  6.158    

Slack (MET) :             6.169ns  (required time - arrival time)
  Source:                 u_tx_message_fifo/rd_ptr_reg[0]/C
                            (rising edge-triggered cell FDRE clocked by clk  {rise@0.000ns fall@5.000ns period=10.000ns})
  Destination:            r_ip_head_sum_reg[19]/D
                            (rising edge-triggered cell FDCE clocked by clk  {rise@0.000ns fall@5.000ns period=10.000ns})
  Path Group:             clk
  Path Type:              Setup (Max at Slow Process Corner)
  Requirement:            10.000ns  (clk rise@10.000ns - clk rise@0.000ns)
  Data Path Delay:        3.318ns  (logic 1.412ns (42.556%)  route 1.906ns (57.444%))
  Logic Levels:           8  (CARRY4=5 LUT4=1 LUT6=1 RAMD32=1)
  Clock Path Skew:        -0.027ns (DCD - SCD + CPR)
    Destination Clock Delay (DCD):    0.510ns = ( 10.510 - 10.000 ) 
    Source Clock Delay      (SCD):    0.537ns
    Clock Pessimism Removal (CPR):    0.000ns
  Clock Uncertainty:      0.535ns  ((TSJ^2 + TIJ^2)^1/2 + DJ) / 2 + PE + UU
    Total System Jitter     (TSJ):    0.071ns
    Total Input Jitter      (TIJ):    0.000ns
    Discrete Jitter          (DJ):    0.000ns
    Phase Error              (PE):    0.000ns
    User Uncertainty         (UU):    0.500ns

    Location             Delay type                Incr(ns)  Path(ns)    Netlist Resource(s)
  -------------------------------------------------------------------    -------------------
                         (clock clk rise edge)        0.000     0.000 r  
                                                      0.000     0.000 r  clk (IN)
                         net (fo=227, unset)          0.537     0.537    u_tx_message_fifo/clk
                         FDRE                                         r  u_tx_message_fifo/rd_ptr_reg[0]/C
  -------------------------------------------------------------------    -------------------
                         FDRE (Prop_fdre_C_Q)         0.223     0.760 r  u_tx_message_fifo/rd_ptr_reg[0]/Q
                         net (fo=42, unplaced)        0.605     1.365    u_tx_message_fifo/mem_reg_0_15_18_23/ADDRA0
                         RAMD32 (Prop_ramd32_RADR0_O)
                                                      0.127     1.492 r  u_tx_message_fifo/mem_reg_0_15_18_23/RAMA/O
                         net (fo=3, unplaced)         0.515     2.007    u_tx_message_fifo/p_0_in[2]
                         CARRY4 (Prop_carry4_DI[1]_CO[3])
                                                      0.250     2.257 r  u_tx_message_fifo/dout_data_reg[4]_i_10/CO[3]
                         net (fo=1, unplaced)         0.000     2.257    u_tx_message_fifo/dout_data_reg[4]_i_10_n_0
                         CARRY4 (Prop_carry4_CI_CO[3])
                                                      0.053     2.310 r  u_tx_message_fifo/dout_data_reg[8]_i_10/CO[3]
                         net (fo=1, unplaced)         0.000     2.310    u_tx_message_fifo/dout_data_reg[8]_i_10_n_0
                         CARRY4 (Prop_carry4_CI_O[3])
                                                      0.155     2.465 r  u_tx_message_fifo/dout_data_reg[12]_i_10/O[3]
                         net (fo=2, unplaced)         0.505     2.970    data1[12]
                         LUT6 (Prop_lut6_I2_O)        0.120     3.090 r  r_ip_head_sum[15]_i_16/O
                         net (fo=2, unplaced)         0.281     3.371    u_tx_data_fifo/r_ip_head_sum_reg[15]_6
                         LUT4 (Prop_lut4_I0_O)        0.049     3.420 r  u_tx_data_fifo/r_ip_head_sum[15]_i_5/O
                         net (fo=1, unplaced)         0.000     3.420    u_tx_data_fifo/r_ip_head_sum[15]_i_5_n_0
                         CARRY4 (Prop_carry4_DI[0]_CO[3])
                                                      0.280     3.700 r  u_tx_data_fifo/r_ip_head_sum_reg[15]_i_1/CO[3]
                         net (fo=1, unplaced)         0.000     3.700    u_tx_data_fifo/r_ip_head_sum_reg[15]_i_1_n_0
                         CARRY4 (Prop_carry4_CI_O[3])
                                                      0.155     3.855 r  u_tx_data_fifo/r_ip_head_sum_reg[19]_i_2/O[3]
                         net (fo=1, unplaced)         0.000     3.855    u_tx_data_fifo_n_43
                         FDCE                                         r  r_ip_head_sum_reg[19]/D
  -------------------------------------------------------------------    -------------------

                         (clock clk rise edge)       10.000    10.000 r  
                                                      0.000    10.000 r  clk (IN)
                         net (fo=227, unset)          0.510    10.510    clk
                         FDCE                                         r  r_ip_head_sum_reg[19]/C
                         clock pessimism              0.000    10.510    
                         clock uncertainty           -0.535     9.975    
                         FDCE (Setup_fdce_C_D)        0.049    10.024    r_ip_head_sum_reg[19]
  -------------------------------------------------------------------
                         required time                         10.024    
                         arrival time                          -3.855    
  -------------------------------------------------------------------
                         slack                                  6.169    

Slack (MET) :             6.173ns  (required time - arrival time)
  Source:                 r_udp_head_sum_reg[7]/C
                            (rising edge-triggered cell FDCE clocked by clk  {rise@0.000ns fall@5.000ns period=10.000ns})
  Destination:            dout_data_reg[14]/D
                            (rising edge-triggered cell FDCE clocked by clk  {rise@0.000ns fall@5.000ns period=10.000ns})
  Path Group:             clk
  Path Type:              Setup (Max at Slow Process Corner)
  Requirement:            10.000ns  (clk rise@10.000ns - clk rise@0.000ns)
  Data Path Delay:        3.301ns  (logic 1.426ns (43.199%)  route 1.875ns (56.801%))
  Logic Levels:           7  (CARRY4=4 LUT6=3)
  Clock Path Skew:        -0.027ns (DCD - SCD + CPR)
    Destination Clock Delay (DCD):    0.510ns = ( 10.510 - 10.000 ) 
    Source Clock Delay      (SCD):    0.537ns
    Clock Pessimism Removal (CPR):    0.000ns
  Clock Uncertainty:      0.535ns  ((TSJ^2 + TIJ^2)^1/2 + DJ) / 2 + PE + UU
    Total System Jitter     (TSJ):    0.071ns
    Total Input Jitter      (TIJ):    0.000ns
    Discrete Jitter          (DJ):    0.000ns
    Phase Error              (PE):    0.000ns
    User Uncertainty         (UU):    0.500ns

    Location             Delay type                Incr(ns)  Path(ns)    Netlist Resource(s)
  -------------------------------------------------------------------    -------------------
                         (clock clk rise edge)        0.000     0.000 r  
                                                      0.000     0.000 r  clk (IN)
                         net (fo=227, unset)          0.537     0.537    clk
                         FDCE                                         r  r_udp_head_sum_reg[7]/C
  -------------------------------------------------------------------    -------------------
                         FDCE (Prop_fdce_C_Q)         0.223     0.760 r  r_udp_head_sum_reg[7]/Q
                         net (fo=2, unplaced)         0.679     1.439    r_udp_head_sum_reg[7]
                         CARRY4 (Prop_carry4_S[3]_CO[3])
                                                      0.311     1.750 r  dout_data_reg[7]_i_13/CO[3]
                         net (fo=1, unplaced)         0.000     1.750    dout_data_reg[7]_i_13_n_0
                         CARRY4 (Prop_carry4_CI_O[1])
                                                      0.173     1.923 r  dout_data_reg[11]_i_13/O[1]
                         net (fo=1, unplaced)         0.386     2.309    dout_data_reg[11]_i_13_n_6
                         CARRY4 (Prop_carry4_S[1]_CO[3])
                                                      0.387     2.696 r  dout_data_reg[11]_i_11/CO[3]
                         net (fo=1, unplaced)         0.000     2.696    dout_data_reg[11]_i_11_n_0
                         CARRY4 (Prop_carry4_CI_O[2])
                                                      0.119     2.815 f  dout_data_reg[15]_i_14/O[2]
                         net (fo=1, unplaced)         0.270     3.085    w_udp_head_check_f1[14]
                         LUT6 (Prop_lut6_I5_O)        0.127     3.212 r  dout_data[14]_i_9/O
                         net (fo=1, unplaced)         0.270     3.482    dout_data[14]_i_9_n_0
                         LUT6 (Prop_lut6_I5_O)        0.043     3.525 r  dout_data[14]_i_3/O
                         net (fo=1, unplaced)         0.270     3.795    u_tx_data_fifo/dout_data_reg[14]_0
                         LUT6 (Prop_lut6_I4_O)        0.043     3.838 r  u_tx_data_fifo/dout_data[14]_i_1/O
                         net (fo=1, unplaced)         0.000     3.838    p_0_out[14]
                         FDCE                                         r  dout_data_reg[14]/D
  -------------------------------------------------------------------    -------------------

                         (clock clk rise edge)       10.000    10.000 r  
                                                      0.000    10.000 r  clk (IN)
                         net (fo=227, unset)          0.510    10.510    clk
                         FDCE                                         r  dout_data_reg[14]/C
                         clock pessimism              0.000    10.510    
                         clock uncertainty           -0.535     9.975    
                         FDCE (Setup_fdce_C_D)        0.036    10.011    dout_data_reg[14]
  -------------------------------------------------------------------
                         required time                         10.011    
                         arrival time                          -3.838    
  -------------------------------------------------------------------
                         slack                                  6.173    

Slack (MET) :             6.202ns  (required time - arrival time)
  Source:                 r_udp_head_sum_reg[7]/C
                            (rising edge-triggered cell FDCE clocked by clk  {rise@0.000ns fall@5.000ns period=10.000ns})
  Destination:            dout_data_reg[13]/D
                            (rising edge-triggered cell FDCE clocked by clk  {rise@0.000ns fall@5.000ns period=10.000ns})
  Path Group:             clk
  Path Type:              Setup (Max at Slow Process Corner)
  Requirement:            10.000ns  (clk rise@10.000ns - clk rise@0.000ns)
  Data Path Delay:        3.272ns  (logic 1.478ns (45.171%)  route 1.794ns (54.829%))
  Logic Levels:           7  (CARRY4=4 LUT6=3)
  Clock Path Skew:        -0.027ns (DCD - SCD + CPR)
    Destination Clock Delay (DCD):    0.510ns = ( 10.510 - 10.000 ) 
    Source Clock Delay      (SCD):    0.537ns
    Clock Pessimism Removal (CPR):    0.000ns
  Clock Uncertainty:      0.535ns  ((TSJ^2 + TIJ^2)^1/2 + DJ) / 2 + PE + UU
    Total System Jitter     (TSJ):    0.071ns
    Total Input Jitter      (TIJ):    0.000ns
    Discrete Jitter          (DJ):    0.000ns
    Phase Error              (PE):    0.000ns
    User Uncertainty         (UU):    0.500ns

    Location             Delay type                Incr(ns)  Path(ns)    Netlist Resource(s)
  -------------------------------------------------------------------    -------------------
                         (clock clk rise edge)        0.000     0.000 r  
                                                      0.000     0.000 r  clk (IN)
                         net (fo=227, unset)          0.537     0.537    clk
                         FDCE                                         r  r_udp_head_sum_reg[7]/C
  -------------------------------------------------------------------    -------------------
                         FDCE (Prop_fdce_C_Q)         0.223     0.760 r  r_udp_head_sum_reg[7]/Q
                         net (fo=2, unplaced)         0.679     1.439    r_udp_head_sum_reg[7]
                         CARRY4 (Prop_carry4_S[3]_CO[3])
                                                      0.311     1.750 r  dout_data_reg[7]_i_13/CO[3]
                         net (fo=1, unplaced)         0.000     1.750    dout_data_reg[7]_i_13_n_0
                         CARRY4 (Prop_carry4_CI_O[1])
                                                      0.173     1.923 r  dout_data_reg[11]_i_13/O[1]
                         net (fo=1, unplaced)         0.386     2.309    dout_data_reg[11]_i_13_n_6
                         CARRY4 (Prop_carry4_S[1]_CO[3])
                                                      0.387     2.696 r  dout_data_reg[11]_i_11/CO[3]
                         net (fo=1, unplaced)         0.000     2.696    dout_data_reg[11]_i_11_n_0
                         CARRY4 (Prop_carry4_CI_O[1])
                                                      0.173     2.869 f  dout_data_reg[15]_i_14/O[1]
                         net (fo=1, unplaced)         0.189     3.058    w_udp_head_check_f1[13]
                         LUT6 (Prop_lut6_I5_O)        0.125     3.183 r  dout_data[13]_i_9/O
                         net (fo=1, unplaced)         0.270     3.453    dout_data[13]_i_9_n_0
                         LUT6 (Prop_lut6_I5_O)        0.043     3.496 r  dout_data[13]_i_3/O
                         net (fo=1, unplaced)         0.270     3.766    u_tx_data_fifo/dout_data_reg[13]_0
                         LUT6 (Prop_lut6_I4_O)        0.043     3.809 r  u_tx_data_fifo/dout_data[13]_i_1/O
                         net (fo=1, unplaced)         0.000     3.809    p_0_out[13]
                         FDCE                                         r  dout_data_reg[13]/D
  -------------------------------------------------------------------    -------------------

                         (clock clk rise edge)       10.000    10.000 r  
                                                      0.000    10.000 r  clk (IN)
                         net (fo=227, unset)          0.510    10.510    clk
                         FDCE                                         r  dout_data_reg[13]/C
                         clock pessimism              0.000    10.510    
                         clock uncertainty           -0.535     9.975    
                         FDCE (Setup_fdce_C_D)        0.036    10.011    dout_data_reg[13]
  -------------------------------------------------------------------
                         required time                         10.011    
                         arrival time                          -3.809    
  -------------------------------------------------------------------
                         slack                                  6.202    

Slack (MET) :             6.204ns  (required time - arrival time)
  Source:                 u_tx_message_fifo/rd_ptr_reg[0]/C
                            (rising edge-triggered cell FDRE clocked by clk  {rise@0.000ns fall@5.000ns period=10.000ns})
  Destination:            r_ip_head_sum_reg[13]/D
                            (rising edge-triggered cell FDCE clocked by clk  {rise@0.000ns fall@5.000ns period=10.000ns})
  Path Group:             clk
  Path Type:              Setup (Max at Slow Process Corner)
  Requirement:            10.000ns  (clk rise@10.000ns - clk rise@0.000ns)
  Data Path Delay:        3.283ns  (logic 1.377ns (41.943%)  route 1.906ns (58.057%))
  Logic Levels:           7  (CARRY4=4 LUT4=1 LUT6=1 RAMD32=1)
  Clock Path Skew:        -0.027ns (DCD - SCD + CPR)
    Destination Clock Delay (DCD):    0.510ns = ( 10.510 - 10.000 ) 
    Source Clock Delay      (SCD):    0.537ns
    Clock Pessimism Removal (CPR):    0.000ns
  Clock Uncertainty:      0.535ns  ((TSJ^2 + TIJ^2)^1/2 + DJ) / 2 + PE + UU
    Total System Jitter     (TSJ):    0.071ns
    Total Input Jitter      (TIJ):    0.000ns
    Discrete Jitter          (DJ):    0.000ns
    Phase Error              (PE):    0.000ns
    User Uncertainty         (UU):    0.500ns

    Location             Delay type                Incr(ns)  Path(ns)    Netlist Resource(s)
  -------------------------------------------------------------------    -------------------
                         (clock clk rise edge)        0.000     0.000 r  
                                                      0.000     0.000 r  clk (IN)
                         net (fo=227, unset)          0.537     0.537    u_tx_message_fifo/clk
                         FDRE                                         r  u_tx_message_fifo/rd_ptr_reg[0]/C
  -------------------------------------------------------------------    -------------------
                         FDRE (Prop_fdre_C_Q)         0.223     0.760 r  u_tx_message_fifo/rd_ptr_reg[0]/Q
                         net (fo=42, unplaced)        0.605     1.365    u_tx_message_fifo/mem_reg_0_15_18_23/ADDRA0
                         RAMD32 (Prop_ramd32_RADR0_O)
                                                      0.127     1.492 r  u_tx_message_fifo/mem_reg_0_15_18_23/RAMA/O
                         net (fo=3, unplaced)         0.515     2.007    u_tx_message_fifo/p_0_in[2]
                         CARRY4 (Prop_carry4_DI[1]_CO[3])
                                                      0.250     2.257 r  u_tx_message_fifo/dout_data_reg[4]_i_10/CO[3]
                         net (fo=1, unplaced)         0.000     2.257    u_tx_message_fifo/dout_data_reg[4]_i_10_n_0
                         CARRY4 (Prop_carry4_CI_O[3])
                                                      0.155     2.412 r  u_tx_message_fifo/dout_data_reg[8]_i_10/O[3]
                         net (fo=2, unplaced)         0.505     2.917    data1[8]
                         LUT6 (Prop_lut6_I4_O)        0.120     3.037 r  r_ip_head_sum[11]_i_16/O
                         net (fo=2, unplaced)         0.281     3.318    u_tx_data_fifo/r_ip_head_sum_reg[11]_5
                         LUT4 (Prop_lut4_I0_O)        0.049     3.367 r  u_tx_data_fifo/r_ip_head_sum[11]_i_5/O
                         net (fo=1, unplaced)         0.000     3.367    u_tx_data_fifo/r_ip_head_sum[11]_i_5_n_0
                         CARRY4 (Prop_carry4_DI[0]_CO[3])
                                                      0.280     3.647 r  u_tx_data_fifo/r_ip_head_sum_reg[11]_i_1/CO[3]
                         net (fo=1, unplaced)         0.000     3.647    u_tx_data_fifo/r_ip_head_sum_reg[11]_i_1_n_0
                         CARRY4 (Prop_carry4_CI_O[1])
                                                      0.173     3.820 r  u_tx_data_fifo/r_ip_head_sum_reg[15]_i_1/O[1]
                         net (fo=1, unplaced)         0.000     3.820    u_tx_data_fifo_n_49
                         FDCE                                         r  r_ip_head_sum_reg[13]/D
  -------------------------------------------------------------------    -------------------

                         (clock clk rise edge)       10.000    10.000 r  
                                                      0.000    10.000 r  clk (IN)
                         net (fo=227, unset)          0.510    10.510    clk
                         FDCE                                         r  r_ip_head_sum_reg[13]/C
                         clock pessimism              0.000    10.510    
                         clock uncertainty           -0.535     9.975    
                         FDCE (Setup_fdce_C_D)        0.049    10.024    r_ip_head_sum_reg[13]
  -------------------------------------------------------------------
                         required time                         10.024    
                         arrival time                          -3.820    
  -------------------------------------------------------------------
                         slack                                  6.204    

Slack (MET) :             6.205ns  (required time - arrival time)
  Source:                 u_tx_message_fifo/rd_ptr_reg[0]/C
                            (rising edge-triggered cell FDRE clocked by clk  {rise@0.000ns fall@5.000ns period=10.000ns})
  Destination:            r_ip_head_sum_reg[18]/D
                            (rising edge-triggered cell FDCE clocked by clk  {rise@0.000ns fall@5.000ns period=10.000ns})
  Path Group:             clk
  Path Type:              Setup (Max at Slow Process Corner)
  Requirement:            10.000ns  (clk rise@10.000ns - clk rise@0.000ns)
  Data Path Delay:        3.282ns  (logic 1.376ns (41.926%)  route 1.906ns (58.074%))
  Logic Levels:           8  (CARRY4=5 LUT4=1 LUT6=1 RAMD32=1)
  Clock Path Skew:        -0.027ns (DCD - SCD + CPR)
    Destination Clock Delay (DCD):    0.510ns = ( 10.510 - 10.000 ) 
    Source Clock Delay      (SCD):    0.537ns
    Clock Pessimism Removal (CPR):    0.000ns
  Clock Uncertainty:      0.535ns  ((TSJ^2 + TIJ^2)^1/2 + DJ) / 2 + PE + UU
    Total System Jitter     (TSJ):    0.071ns
    Total Input Jitter      (TIJ):    0.000ns
    Discrete Jitter          (DJ):    0.000ns
    Phase Error              (PE):    0.000ns
    User Uncertainty         (UU):    0.500ns

    Location             Delay type                Incr(ns)  Path(ns)    Netlist Resource(s)
  -------------------------------------------------------------------    -------------------
                         (clock clk rise edge)        0.000     0.000 r  
                                                      0.000     0.000 r  clk (IN)
                         net (fo=227, unset)          0.537     0.537    u_tx_message_fifo/clk
                         FDRE                                         r  u_tx_message_fifo/rd_ptr_reg[0]/C
  -------------------------------------------------------------------    -------------------
                         FDRE (Prop_fdre_C_Q)         0.223     0.760 r  u_tx_message_fifo/rd_ptr_reg[0]/Q
                         net (fo=42, unplaced)        0.605     1.365    u_tx_message_fifo/mem_reg_0_15_18_23/ADDRA0
                         RAMD32 (Prop_ramd32_RADR0_O)
                                                      0.127     1.492 r  u_tx_message_fifo/mem_reg_0_15_18_23/RAMA/O
                         net (fo=3, unplaced)         0.515     2.007    u_tx_message_fifo/p_0_in[2]
                         CARRY4 (Prop_carry4_DI[1]_CO[3])
                                                      0.250     2.257 r  u_tx_message_fifo/dout_data_reg[4]_i_10/CO[3]
                         net (fo=1, unplaced)         0.000     2.257    u_tx_message_fifo/dout_data_reg[4]_i_10_n_0
                         CARRY4 (Prop_carry4_CI_CO[3])
                                                      0.053     2.310 r  u_tx_message_fifo/dout_data_reg[8]_i_10/CO[3]
                         net (fo=1, unplaced)         0.000     2.310    u_tx_message_fifo/dout_data_reg[8]_i_10_n_0
                         CARRY4 (Prop_carry4_CI_O[3])
                                                      0.155     2.465 r  u_tx_message_fifo/dout_data_reg[12]_i_10/O[3]
                         net (fo=2, unplaced)         0.505     2.970    data1[12]
                         LUT6 (Prop_lut6_I2_O)        0.120     3.090 r  r_ip_head_sum[15]_i_16/O
                         net (fo=2, unplaced)         0.281     3.371    u_tx_data_fifo/r_ip_head_sum_reg[15]_6
                         LUT4 (Prop_lut4_I0_O)        0.049     3.420 r  u_tx_data_fifo/r_ip_head_sum[15]_i_5/O
                         net (fo=1, unplaced)         0.000     3.420    u_tx_data_fifo/r_ip_head_sum[15]_i_5_n_0
                         CARRY4 (Prop_carry4_DI[0]_CO[3])
                                                      0.280     3.700 r  u_tx_data_fifo/r_ip_head_sum_reg[15]_i_1/CO[3]
                         net (fo=1, unplaced)         0.000     3.700    u_tx_data_fifo/r_ip_head_sum_reg[15]_i_1_n_0
                         CARRY4 (Prop_carry4_CI_O[2])
                                                      0.119     3.819 r  u_tx_data_fifo/r_ip_head_sum_reg[19]_i_2/O[2]
                         net (fo=1, unplaced)         0.000     3.819    u_tx_data_fifo_n_44
                         FDCE                                         r  r_ip_head_sum_reg[18]/D
  -------------------------------------------------------------------    -------------------

                         (clock clk rise edge)       10.000    10.000 r  
                                                      0.000    10.000 r  clk (IN)
                         net (fo=227, unset)          0.510    10.510    clk
                         FDCE                                         r  r_ip_head_sum_reg[18]/C
                         clock pessimism              0.000    10.510    
                         clock uncertainty           -0.535     9.975    
                         FDCE (Setup_fdce_C_D)        0.049    10.024    r_ip_head_sum_reg[18]
  -------------------------------------------------------------------
                         required time                         10.024    
                         arrival time                          -3.819    
  -------------------------------------------------------------------
                         slack                                  6.205    




